file-lengths	include/common/visit_all_struct_fields.hpp	permanent: generated; source=utils/persistent_stores/visit_all_struct_fields_generator.py
file-lengths	include/marlin/Configuration_COREONE.h	permanent: generated; source=utils/build.py configuration-header matrix
file-lengths	include/marlin/Configuration_COREONE_adv.h	permanent: generated; source=utils/build.py configuration-header matrix
file-lengths	include/marlin/Configuration_MINI.h	permanent: generated; source=utils/build.py configuration-header matrix
file-lengths	include/marlin/Configuration_MINI_adv.h	permanent: generated; source=utils/build.py configuration-header matrix
file-lengths	include/marlin/Configuration_MK3.5.h	permanent: generated; source=utils/build.py configuration-header matrix
file-lengths	include/marlin/Configuration_MK3.5_adv.h	permanent: generated; source=utils/build.py configuration-header matrix
file-lengths	include/marlin/Configuration_MK4.h	permanent: generated; source=utils/build.py configuration-header matrix
file-lengths	include/marlin/Configuration_MK4_adv.h	permanent: generated; source=utils/build.py configuration-header matrix
file-lengths	include/marlin/Configuration_XL.h	permanent: generated; source=utils/build.py configuration-header matrix
file-lengths	include/marlin/Configuration_XL_DEV_KIT.h	permanent: generated; source=utils/build.py configuration-header matrix
file-lengths	include/marlin/Configuration_XL_DEV_KIT_adv.h	permanent: generated; source=utils/build.py configuration-header matrix
file-lengths	include/marlin/Configuration_XL_Dwarf.h	permanent: generated; source=utils/build.py configuration-header matrix
file-lengths	include/marlin/Configuration_XL_Dwarf_adv.h	permanent: generated; source=utils/build.py configuration-header matrix
file-lengths	include/marlin/Configuration_XL_adv.h	permanent: generated; source=utils/build.py configuration-header matrix
file-lengths	include/marlin/Configuration_iX.h	permanent: generated; source=utils/build.py configuration-header matrix
file-lengths	include/marlin/Configuration_iX_adv.h	permanent: generated; source=utils/build.py configuration-header matrix
file-lengths	lib/Catch2/include/external/clara.hpp	permanent: imported/upstream; provenance=vendored lib tree
file-lengths	lib/Catch2/include/internal/catch_tostring.h	permanent: imported/upstream; provenance=vendored lib tree
file-lengths	lib/Catch2/include/reporters/catch_reporter_console.cpp	permanent: imported/upstream; provenance=vendored lib tree
file-lengths	lib/Catch2/projects/SelfTest/UsageTests/Matchers.tests.cpp	permanent: imported/upstream; provenance=vendored lib tree
file-lengths	lib/Catch2/single_include/catch2/catch.hpp	permanent: imported/upstream; provenance=vendored lib tree
file-lengths	lib/Drivers/CMSIS/Device/ST/STM32F4xx/Include/stm32f407xx.h	permanent: imported/upstream; provenance=vendored lib tree
file-lengths	lib/Drivers/CMSIS/Device/ST/STM32F4xx/Include/stm32f427xx.h	permanent: imported/upstream; provenance=vendored lib tree
file-lengths	lib/Drivers/CMSIS/Device/ST/STM32G0xx/Include/_htmresc/mini-st.css	permanent: imported/upstream; provenance=vendored lib tree
file-lengths	lib/Drivers/CMSIS/Device/ST/STM32G0xx/Include/_htmresc/mini-st_2020.css	permanent: imported/upstream; provenance=vendored lib tree
file-lengths	lib/Drivers/CMSIS/Device/ST/STM32G0xx/Include/stm32g030xx.h	permanent: imported/upstream; provenance=vendored lib tree
file-lengths	lib/Drivers/CMSIS/Device/ST/STM32G0xx/Include/stm32g031xx.h	permanent: imported/upstream; provenance=vendored lib tree
file-lengths	lib/Drivers/CMSIS/Device/ST/STM32G0xx/Include/stm32g041xx.h	permanent: imported/upstream; provenance=vendored lib tree
file-lengths	lib/Drivers/CMSIS/Device/ST/STM32G0xx/Include/stm32g050xx.h	permanent: imported/upstream; provenance=vendored lib tree
file-lengths	lib/Drivers/CMSIS/Device/ST/STM32G0xx/Include/stm32g051xx.h	permanent: imported/upstream; provenance=vendored lib tree
file-lengths	lib/Drivers/CMSIS/Device/ST/STM32G0xx/Include/stm32g061xx.h	permanent: imported/upstream; provenance=vendored lib tree
file-lengths	lib/Drivers/CMSIS/Device/ST/STM32G0xx/Include/stm32g070xx.h	permanent: imported/upstream; provenance=vendored lib tree
file-lengths	lib/Drivers/CMSIS/Device/ST/STM32G0xx/Include/stm32g071xx.h	permanent: imported/upstream; provenance=vendored lib tree
file-lengths	lib/Drivers/CMSIS/Device/ST/STM32G0xx/Include/stm32g081xx.h	permanent: imported/upstream; provenance=vendored lib tree
file-lengths	lib/Drivers/CMSIS/Device/ST/STM32G0xx/Include/stm32g0b0xx.h	permanent: imported/upstream; provenance=vendored lib tree
file-lengths	lib/Drivers/CMSIS/Device/ST/STM32G0xx/Include/stm32g0b1xx.h	permanent: imported/upstream; provenance=vendored lib tree
file-lengths	lib/Drivers/CMSIS/Device/ST/STM32G0xx/Include/stm32g0c1xx.h	permanent: imported/upstream; provenance=vendored lib tree
file-lengths	lib/Drivers/CMSIS/Device/ST/STM32H5xx/Include/Templates/partition_stm32h523xx.h	permanent: imported/upstream; provenance=vendored lib tree
file-lengths	lib/Drivers/CMSIS/Device/ST/STM32H5xx/Include/Templates/partition_stm32h533xx.h	permanent: imported/upstream; provenance=vendored lib tree
file-lengths	lib/Drivers/CMSIS/Device/ST/STM32H5xx/Include/Templates/partition_stm32h562xx.h	permanent: imported/upstream; provenance=vendored lib tree
file-lengths	lib/Drivers/CMSIS/Device/ST/STM32H5xx/Include/Templates/partition_stm32h563xx.h	permanent: imported/upstream; provenance=vendored lib tree
file-lengths	lib/Drivers/CMSIS/Device/ST/STM32H5xx/Include/Templates/partition_stm32h573xx.h	permanent: imported/upstream; provenance=vendored lib tree
file-lengths	lib/Drivers/CMSIS/Device/ST/STM32H5xx/Include/stm32h503xx.h	permanent: imported/upstream; provenance=vendored lib tree
file-lengths	lib/Drivers/CMSIS/Device/ST/STM32H5xx/Include/stm32h523xx.h	permanent: imported/upstream; provenance=vendored lib tree
file-lengths	lib/Drivers/CMSIS/Device/ST/STM32H5xx/Include/stm32h533xx.h	permanent: imported/upstream; provenance=vendored lib tree
file-lengths	lib/Drivers/CMSIS/Device/ST/STM32H5xx/Include/stm32h562xx.h	permanent: imported/upstream; provenance=vendored lib tree
file-lengths	lib/Drivers/CMSIS/Device/ST/STM32H5xx/Include/stm32h563xx.h	permanent: imported/upstream; provenance=vendored lib tree
file-lengths	lib/Drivers/CMSIS/Device/ST/STM32H5xx/Include/stm32h573xx.h	permanent: imported/upstream; provenance=vendored lib tree
file-lengths	lib/Drivers/CMSIS/Device/ST/STM32H5xx/_htmresc/mini-st_2020.css	permanent: imported/upstream; provenance=vendored lib tree
file-lengths	lib/Drivers/CMSIS/Include/cmsis_armcc.h	permanent: imported/upstream; provenance=vendored lib tree
file-lengths	lib/Drivers/CMSIS/Include/cmsis_armclang.h	permanent: imported/upstream; provenance=vendored lib tree
file-lengths	lib/Drivers/CMSIS/Include/cmsis_gcc.h	permanent: imported/upstream; provenance=vendored lib tree
file-lengths	lib/Drivers/CMSIS/Include/cmsis_iccarm.h	permanent: imported/upstream; provenance=vendored lib tree
file-lengths	lib/Drivers/CMSIS/Include/core_armv8mbl.h	permanent: imported/upstream; provenance=vendored lib tree
file-lengths	lib/Drivers/CMSIS/Include/core_armv8mml.h	permanent: imported/upstream; provenance=vendored lib tree
file-lengths	lib/Drivers/CMSIS/Include/core_cm0.h	permanent: imported/upstream; provenance=vendored lib tree
file-lengths	lib/Drivers/CMSIS/Include/core_cm0plus.h	permanent: imported/upstream; provenance=vendored lib tree
file-lengths	lib/Drivers/CMSIS/Include/core_cm1.h	permanent: imported/upstream; provenance=vendored lib tree
file-lengths	lib/Drivers/CMSIS/Include/core_cm23.h	permanent: imported/upstream; provenance=vendored lib tree
file-lengths	lib/Drivers/CMSIS/Include/core_cm3.h	permanent: imported/upstream; provenance=vendored lib tree
file-lengths	lib/Drivers/CMSIS/Include/core_cm33.h	permanent: imported/upstream; provenance=vendored lib tree
file-lengths	lib/Drivers/CMSIS/Include/core_cm4.h	permanent: imported/upstream; provenance=vendored lib tree
file-lengths	lib/Drivers/CMSIS/Include/core_cm7.h	permanent: imported/upstream; provenance=vendored lib tree
file-lengths	lib/Drivers/CMSIS/Include/core_sc000.h	permanent: imported/upstream; provenance=vendored lib tree
file-lengths	lib/Drivers/CMSIS/Include/core_sc300.h	permanent: imported/upstream; provenance=vendored lib tree
file-lengths	lib/Drivers/lis2dh12-pid/_htmresc/mini-st_2020.css	permanent: imported/upstream; provenance=vendored lib tree
file-lengths	lib/Drivers/lis2dh12-pid/lis2dh12_reg.c	permanent: imported/upstream; provenance=vendored lib tree
file-lengths	lib/Drivers/lis2dh12-pid/lis2dh12_reg.h	permanent: imported/upstream; provenance=vendored lib tree
file-lengths	lib/Drivers/stm32f4xx_hal_driver/Inc/Legacy/stm32_hal_legacy.h	permanent: imported/upstream; provenance=vendored lib tree
file-lengths	lib/Drivers/stm32f4xx_hal_driver/Inc/Legacy/stm32f4xx_hal_can_legacy.h	permanent: imported/upstream; provenance=vendored lib tree
file-lengths	lib/Drivers/stm32f4xx_hal_driver/Inc/Legacy/stm32f4xx_hal_eth_legacy.h	permanent: imported/upstream; provenance=vendored lib tree
file-lengths	lib/Drivers/stm32f4xx_hal_driver/Inc/stm32f4xx_hal_adc.h	permanent: imported/upstream; provenance=vendored lib tree
file-lengths	lib/Drivers/stm32f4xx_hal_driver/Inc/stm32f4xx_hal_can.h	permanent: imported/upstream; provenance=vendored lib tree
file-lengths	lib/Drivers/stm32f4xx_hal_driver/Inc/stm32f4xx_hal_cec.h	permanent: imported/upstream; provenance=vendored lib tree
file-lengths	lib/Drivers/stm32f4xx_hal_driver/Inc/stm32f4xx_hal_cryp.h	permanent: imported/upstream; provenance=vendored lib tree
file-lengths	lib/Drivers/stm32f4xx_hal_driver/Inc/stm32f4xx_hal_dfsdm.h	permanent: imported/upstream; provenance=vendored lib tree
file-lengths	lib/Drivers/stm32f4xx_hal_driver/Inc/stm32f4xx_hal_dma.h	permanent: imported/upstream; provenance=vendored lib tree
file-lengths	lib/Drivers/stm32f4xx_hal_driver/Inc/stm32f4xx_hal_dma2d.h	permanent: imported/upstream; provenance=vendored lib tree
file-lengths	lib/Drivers/stm32f4xx_hal_driver/Inc/stm32f4xx_hal_dsi.h	permanent: imported/upstream; provenance=vendored lib tree
file-lengths	lib/Drivers/stm32f4xx_hal_driver/Inc/stm32f4xx_hal_eth.h	permanent: imported/upstream; provenance=vendored lib tree
file-lengths	lib/Drivers/stm32f4xx_hal_driver/Inc/stm32f4xx_hal_flash_ex.h	permanent: imported/upstream; provenance=vendored lib tree
file-lengths	lib/Drivers/stm32f4xx_hal_driver/Inc/stm32f4xx_hal_fmpi2c.h	permanent: imported/upstream; provenance=vendored lib tree
file-lengths	lib/Drivers/stm32f4xx_hal_driver/Inc/stm32f4xx_hal_fmpsmbus.h	permanent: imported/upstream; provenance=vendored lib tree
file-lengths	lib/Drivers/stm32f4xx_hal_driver/Inc/stm32f4xx_hal_gpio_ex.h	permanent: imported/upstream; provenance=vendored lib tree
file-lengths	lib/Drivers/stm32f4xx_hal_driver/Inc/stm32f4xx_hal_hash.h	permanent: imported/upstream; provenance=vendored lib tree
file-lengths	lib/Drivers/stm32f4xx_hal_driver/Inc/stm32f4xx_hal_i2c.h	permanent: imported/upstream; provenance=vendored lib tree
file-lengths	lib/Drivers/stm32f4xx_hal_driver/Inc/stm32f4xx_hal_irda.h	permanent: imported/upstream; provenance=vendored lib tree
file-lengths	lib/Drivers/stm32f4xx_hal_driver/Inc/stm32f4xx_hal_lptim.h	permanent: imported/upstream; provenance=vendored lib tree
file-lengths	lib/Drivers/stm32f4xx_hal_driver/Inc/stm32f4xx_hal_ltdc.h	permanent: imported/upstream; provenance=vendored lib tree
file-lengths	lib/Drivers/stm32f4xx_hal_driver/Inc/stm32f4xx_hal_mmc.h	permanent: imported/upstream; provenance=vendored lib tree
file-lengths	lib/Drivers/stm32f4xx_hal_driver/Inc/stm32f4xx_hal_qspi.h	permanent: imported/upstream; provenance=vendored lib tree
file-lengths	lib/Drivers/stm32f4xx_hal_driver/Inc/stm32f4xx_hal_rcc.h	permanent: imported/upstream; provenance=vendored lib tree
file-lengths	lib/Drivers/stm32f4xx_hal_driver/Inc/stm32f4xx_hal_rcc_ex.h	permanent: imported/upstream; provenance=vendored lib tree
file-lengths	lib/Drivers/stm32f4xx_hal_driver/Inc/stm32f4xx_hal_rtc.h	permanent: imported/upstream; provenance=vendored lib tree
file-lengths	lib/Drivers/stm32f4xx_hal_driver/Inc/stm32f4xx_hal_rtc_ex.h	permanent: imported/upstream; provenance=vendored lib tree
file-lengths	lib/Drivers/stm32f4xx_hal_driver/Inc/stm32f4xx_hal_sai.h	permanent: imported/upstream; provenance=vendored lib tree
file-lengths	lib/Drivers/stm32f4xx_hal_driver/Inc/stm32f4xx_hal_sd.h	permanent: imported/upstream; provenance=vendored lib tree
file-lengths	lib/Drivers/stm32f4xx_hal_driver/Inc/stm32f4xx_hal_smartcard.h	permanent: imported/upstream; provenance=vendored lib tree
file-lengths	lib/Drivers/stm32f4xx_hal_driver/Inc/stm32f4xx_hal_smbus.h	permanent: imported/upstream; provenance=vendored lib tree
file-lengths	lib/Drivers/stm32f4xx_hal_driver/Inc/stm32f4xx_hal_spi.h	permanent: imported/upstream; provenance=vendored lib tree
file-lengths	lib/Drivers/stm32f4xx_hal_driver/Inc/stm32f4xx_hal_tim.h	permanent: imported/upstream; provenance=vendored lib tree
file-lengths	lib/Drivers/stm32f4xx_hal_driver/Inc/stm32f4xx_hal_uart.h	permanent: imported/upstream; provenance=vendored lib tree
file-lengths	lib/Drivers/stm32f4xx_hal_driver/Inc/stm32f4xx_hal_usart.h	permanent: imported/upstream; provenance=vendored lib tree
file-lengths	lib/Drivers/stm32f4xx_hal_driver/Inc/stm32f4xx_ll_adc.h	permanent: imported/upstream; provenance=vendored lib tree
file-lengths	lib/Drivers/stm32f4xx_hal_driver/Inc/stm32f4xx_ll_bus.h	permanent: imported/upstream; provenance=vendored lib tree
file-lengths	lib/Drivers/stm32f4xx_hal_driver/Inc/stm32f4xx_ll_cortex.h	permanent: imported/upstream; provenance=vendored lib tree
file-lengths	lib/Drivers/stm32f4xx_hal_driver/Inc/stm32f4xx_ll_dac.h	permanent: imported/upstream; provenance=vendored lib tree
file-lengths	lib/Drivers/stm32f4xx_hal_driver/Inc/stm32f4xx_ll_dma.h	permanent: imported/upstream; provenance=vendored lib tree
file-lengths	lib/Drivers/stm32f4xx_hal_driver/Inc/stm32f4xx_ll_dma2d.h	permanent: imported/upstream; provenance=vendored lib tree
file-lengths	lib/Drivers/stm32f4xx_hal_driver/Inc/stm32f4xx_ll_exti.h	permanent: imported/upstream; provenance=vendored lib tree
file-lengths	lib/Drivers/stm32f4xx_hal_driver/Inc/stm32f4xx_ll_fmc.h	permanent: imported/upstream; provenance=vendored lib tree
file-lengths	lib/Drivers/stm32f4xx_hal_driver/Inc/stm32f4xx_ll_fmpi2c.h	permanent: imported/upstream; provenance=vendored lib tree
file-lengths	lib/Drivers/stm32f4xx_hal_driver/Inc/stm32f4xx_ll_fsmc.h	permanent: imported/upstream; provenance=vendored lib tree
file-lengths	lib/Drivers/stm32f4xx_hal_driver/Inc/stm32f4xx_ll_gpio.h	permanent: imported/upstream; provenance=vendored lib tree
file-lengths	lib/Drivers/stm32f4xx_hal_driver/Inc/stm32f4xx_ll_i2c.h	permanent: imported/upstream; provenance=vendored lib tree
file-lengths	lib/Drivers/stm32f4xx_hal_driver/Inc/stm32f4xx_ll_lptim.h	permanent: imported/upstream; provenance=vendored lib tree
file-lengths	lib/Drivers/stm32f4xx_hal_driver/Inc/stm32f4xx_ll_pwr.h	permanent: imported/upstream; provenance=vendored lib tree
file-lengths	lib/Drivers/stm32f4xx_hal_driver/Inc/stm32f4xx_ll_rcc.h	permanent: imported/upstream; provenance=vendored lib tree
file-lengths	lib/Drivers/stm32f4xx_hal_driver/Inc/stm32f4xx_ll_rtc.h	permanent: imported/upstream; provenance=vendored lib tree
file-lengths	lib/Drivers/stm32f4xx_hal_driver/Inc/stm32f4xx_ll_sdmmc.h	permanent: imported/upstream; provenance=vendored lib tree
file-lengths	lib/Drivers/stm32f4xx_hal_driver/Inc/stm32f4xx_ll_spi.h	permanent: imported/upstream; provenance=vendored lib tree
file-lengths	lib/Drivers/stm32f4xx_hal_driver/Inc/stm32f4xx_ll_system.h	permanent: imported/upstream; provenance=vendored lib tree
file-lengths	lib/Drivers/stm32f4xx_hal_driver/Inc/stm32f4xx_ll_tim.h	permanent: imported/upstream; provenance=vendored lib tree
file-lengths	lib/Drivers/stm32f4xx_hal_driver/Inc/stm32f4xx_ll_usart.h	permanent: imported/upstream; provenance=vendored lib tree
file-lengths	lib/Drivers/stm32f4xx_hal_driver/Src/Legacy/stm32f4xx_hal_can.c	permanent: imported/upstream; provenance=vendored lib tree
file-lengths	lib/Drivers/stm32f4xx_hal_driver/Src/Legacy/stm32f4xx_hal_eth.c	permanent: imported/upstream; provenance=vendored lib tree
file-lengths	lib/Drivers/stm32f4xx_hal_driver/Src/stm32f4xx_hal_adc.c	permanent: imported/upstream; provenance=vendored lib tree
file-lengths	lib/Drivers/stm32f4xx_hal_driver/Src/stm32f4xx_hal_adc_ex.c	permanent: imported/upstream; provenance=vendored lib tree
file-lengths	lib/Drivers/stm32f4xx_hal_driver/Src/stm32f4xx_hal_can.c	permanent: imported/upstream; provenance=vendored lib tree
file-lengths	lib/Drivers/stm32f4xx_hal_driver/Src/stm32f4xx_hal_cec.c	permanent: imported/upstream; provenance=vendored lib tree
file-lengths	lib/Drivers/stm32f4xx_hal_driver/Src/stm32f4xx_hal_cryp.c	permanent: imported/upstream; provenance=vendored lib tree
file-lengths	lib/Drivers/stm32f4xx_hal_driver/Src/stm32f4xx_hal_cryp_ex.c	permanent: imported/upstream; provenance=vendored lib tree
file-lengths	lib/Drivers/stm32f4xx_hal_driver/Src/stm32f4xx_hal_dac.c	permanent: imported/upstream; provenance=vendored lib tree
file-lengths	lib/Drivers/stm32f4xx_hal_driver/Src/stm32f4xx_hal_dcmi.c	permanent: imported/upstream; provenance=vendored lib tree
file-lengths	lib/Drivers/stm32f4xx_hal_driver/Src/stm32f4xx_hal_dfsdm.c	permanent: imported/upstream; provenance=vendored lib tree
file-lengths	lib/Drivers/stm32f4xx_hal_driver/Src/stm32f4xx_hal_dma.c	permanent: imported/upstream; provenance=vendored lib tree
file-lengths	lib/Drivers/stm32f4xx_hal_driver/Src/stm32f4xx_hal_dma2d.c	permanent: imported/upstream; provenance=vendored lib tree
file-lengths	lib/Drivers/stm32f4xx_hal_driver/Src/stm32f4xx_hal_dsi.c	permanent: imported/upstream; provenance=vendored lib tree
file-lengths	lib/Drivers/stm32f4xx_hal_driver/Src/stm32f4xx_hal_eth.c	permanent: imported/upstream; provenance=vendored lib tree
file-lengths	lib/Drivers/stm32f4xx_hal_driver/Src/stm32f4xx_hal_flash.c	permanent: imported/upstream; provenance=vendored lib tree
file-lengths	lib/Drivers/stm32f4xx_hal_driver/Src/stm32f4xx_hal_flash_ex.c	permanent: imported/upstream; provenance=vendored lib tree
file-lengths	lib/Drivers/stm32f4xx_hal_driver/Src/stm32f4xx_hal_fmpi2c.c	permanent: imported/upstream; provenance=vendored lib tree
file-lengths	lib/Drivers/stm32f4xx_hal_driver/Src/stm32f4xx_hal_fmpsmbus.c	permanent: imported/upstream; provenance=vendored lib tree
file-lengths	lib/Drivers/stm32f4xx_hal_driver/Src/stm32f4xx_hal_hash.c	permanent: imported/upstream; provenance=vendored lib tree
file-lengths	lib/Drivers/stm32f4xx_hal_driver/Src/stm32f4xx_hal_hash_ex.c	permanent: imported/upstream; provenance=vendored lib tree
file-lengths	lib/Drivers/stm32f4xx_hal_driver/Src/stm32f4xx_hal_hcd.c	permanent: imported/upstream; provenance=vendored lib tree
file-lengths	lib/Drivers/stm32f4xx_hal_driver/Src/stm32f4xx_hal_i2c.c	permanent: imported/upstream; provenance=vendored lib tree
file-lengths	lib/Drivers/stm32f4xx_hal_driver/Src/stm32f4xx_hal_i2s.c	permanent: imported/upstream; provenance=vendored lib tree
file-lengths	lib/Drivers/stm32f4xx_hal_driver/Src/stm32f4xx_hal_i2s_ex.c	permanent: imported/upstream; provenance=vendored lib tree
file-lengths	lib/Drivers/stm32f4xx_hal_driver/Src/stm32f4xx_hal_irda.c	permanent: imported/upstream; provenance=vendored lib tree
file-lengths	lib/Drivers/stm32f4xx_hal_driver/Src/stm32f4xx_hal_lptim.c	permanent: imported/upstream; provenance=vendored lib tree
file-lengths	lib/Drivers/stm32f4xx_hal_driver/Src/stm32f4xx_hal_ltdc.c	permanent: imported/upstream; provenance=vendored lib tree
file-lengths	lib/Drivers/stm32f4xx_hal_driver/Src/stm32f4xx_hal_mmc.c	permanent: imported/upstream; provenance=vendored lib tree
file-lengths	lib/Drivers/stm32f4xx_hal_driver/Src/stm32f4xx_hal_nand.c	permanent: imported/upstream; provenance=vendored lib tree
file-lengths	lib/Drivers/stm32f4xx_hal_driver/Src/stm32f4xx_hal_nor.c	permanent: imported/upstream; provenance=vendored lib tree
file-lengths	lib/Drivers/stm32f4xx_hal_driver/Src/stm32f4xx_hal_pccard.c	permanent: imported/upstream; provenance=vendored lib tree
file-lengths	lib/Drivers/stm32f4xx_hal_driver/Src/stm32f4xx_hal_pcd.c	permanent: imported/upstream; provenance=vendored lib tree
file-lengths	lib/Drivers/stm32f4xx_hal_driver/Src/stm32f4xx_hal_qspi.c	permanent: imported/upstream; provenance=vendored lib tree
file-lengths	lib/Drivers/stm32f4xx_hal_driver/Src/stm32f4xx_hal_rcc.c	permanent: imported/upstream; provenance=vendored lib tree
file-lengths	lib/Drivers/stm32f4xx_hal_driver/Src/stm32f4xx_hal_rcc_ex.c	permanent: imported/upstream; provenance=vendored lib tree
file-lengths	lib/Drivers/stm32f4xx_hal_driver/Src/stm32f4xx_hal_rng.c	permanent: imported/upstream; provenance=vendored lib tree
file-lengths	lib/Drivers/stm32f4xx_hal_driver/Src/stm32f4xx_hal_rtc.c	permanent: imported/upstream; provenance=vendored lib tree
file-lengths	lib/Drivers/stm32f4xx_hal_driver/Src/stm32f4xx_hal_rtc_ex.c	permanent: imported/upstream; provenance=vendored lib tree
file-lengths	lib/Drivers/stm32f4xx_hal_driver/Src/stm32f4xx_hal_sai.c	permanent: imported/upstream; provenance=vendored lib tree
file-lengths	lib/Drivers/stm32f4xx_hal_driver/Src/stm32f4xx_hal_sd.c	permanent: imported/upstream; provenance=vendored lib tree
file-lengths	lib/Drivers/stm32f4xx_hal_driver/Src/stm32f4xx_hal_sdram.c	permanent: imported/upstream; provenance=vendored lib tree
file-lengths	lib/Drivers/stm32f4xx_hal_driver/Src/stm32f4xx_hal_smartcard.c	permanent: imported/upstream; provenance=vendored lib tree
file-lengths	lib/Drivers/stm32f4xx_hal_driver/Src/stm32f4xx_hal_smbus.c	permanent: imported/upstream; provenance=vendored lib tree
file-lengths	lib/Drivers/stm32f4xx_hal_driver/Src/stm32f4xx_hal_spdifrx.c	permanent: imported/upstream; provenance=vendored lib tree
file-lengths	lib/Drivers/stm32f4xx_hal_driver/Src/stm32f4xx_hal_spi.c	permanent: imported/upstream; provenance=vendored lib tree
file-lengths	lib/Drivers/stm32f4xx_hal_driver/Src/stm32f4xx_hal_sram.c	permanent: imported/upstream; provenance=vendored lib tree
file-lengths	lib/Drivers/stm32f4xx_hal_driver/Src/stm32f4xx_hal_tim.c	permanent: imported/upstream; provenance=vendored lib tree
file-lengths	lib/Drivers/stm32f4xx_hal_driver/Src/stm32f4xx_hal_tim_ex.c	permanent: imported/upstream; provenance=vendored lib tree
file-lengths	lib/Drivers/stm32f4xx_hal_driver/Src/stm32f4xx_hal_uart.c	permanent: imported/upstream; provenance=vendored lib tree
file-lengths	lib/Drivers/stm32f4xx_hal_driver/Src/stm32f4xx_hal_usart.c	permanent: imported/upstream; provenance=vendored lib tree
file-lengths	lib/Drivers/stm32f4xx_hal_driver/Src/stm32f4xx_ll_adc.c	permanent: imported/upstream; provenance=vendored lib tree
file-lengths	lib/Drivers/stm32f4xx_hal_driver/Src/stm32f4xx_ll_fmc.c	permanent: imported/upstream; provenance=vendored lib tree
file-lengths	lib/Drivers/stm32f4xx_hal_driver/Src/stm32f4xx_ll_fsmc.c	permanent: imported/upstream; provenance=vendored lib tree
file-lengths	lib/Drivers/stm32f4xx_hal_driver/Src/stm32f4xx_ll_rcc.c	permanent: imported/upstream; provenance=vendored lib tree
file-lengths	lib/Drivers/stm32f4xx_hal_driver/Src/stm32f4xx_ll_rtc.c	permanent: imported/upstream; provenance=vendored lib tree
file-lengths	lib/Drivers/stm32f4xx_hal_driver/Src/stm32f4xx_ll_sdmmc.c	permanent: imported/upstream; provenance=vendored lib tree
file-lengths	lib/Drivers/stm32f4xx_hal_driver/Src/stm32f4xx_ll_tim.c	permanent: imported/upstream; provenance=vendored lib tree
file-lengths	lib/Drivers/stm32f4xx_hal_driver/Src/stm32f4xx_ll_usb.c	permanent: imported/upstream; provenance=vendored lib tree
file-lengths	lib/Drivers/stm32f4xx_hal_driver/Src/stm32f4xx_ll_utils.c	permanent: imported/upstream; provenance=vendored lib tree
file-lengths	lib/Drivers/stm32g0xx_hal_driver/Inc/Legacy/stm32_hal_legacy.h	permanent: imported/upstream; provenance=vendored lib tree
file-lengths	lib/Drivers/stm32g0xx_hal_driver/Inc/stm32g0xx_hal.h	permanent: imported/upstream; provenance=vendored lib tree
file-lengths	lib/Drivers/stm32g0xx_hal_driver/Inc/stm32g0xx_hal_adc.h	permanent: imported/upstream; provenance=vendored lib tree
file-lengths	lib/Drivers/stm32g0xx_hal_driver/Inc/stm32g0xx_hal_cec.h	permanent: imported/upstream; provenance=vendored lib tree
file-lengths	lib/Drivers/stm32g0xx_hal_driver/Inc/stm32g0xx_hal_comp.h	permanent: imported/upstream; provenance=vendored lib tree
file-lengths	lib/Drivers/stm32g0xx_hal_driver/Inc/stm32g0xx_hal_cryp.h	permanent: imported/upstream; provenance=vendored lib tree
file-lengths	lib/Drivers/stm32g0xx_hal_driver/Inc/stm32g0xx_hal_dma.h	permanent: imported/upstream; provenance=vendored lib tree
file-lengths	lib/Drivers/stm32g0xx_hal_driver/Inc/stm32g0xx_hal_fdcan.h	permanent: imported/upstream; provenance=vendored lib tree
file-lengths	lib/Drivers/stm32g0xx_hal_driver/Inc/stm32g0xx_hal_flash.h	permanent: imported/upstream; provenance=vendored lib tree
file-lengths	lib/Drivers/stm32g0xx_hal_driver/Inc/stm32g0xx_hal_gpio_ex.h	permanent: imported/upstream; provenance=vendored lib tree
file-lengths	lib/Drivers/stm32g0xx_hal_driver/Inc/stm32g0xx_hal_i2c.h	permanent: imported/upstream; provenance=vendored lib tree
file-lengths	lib/Drivers/stm32g0xx_hal_driver/Inc/stm32g0xx_hal_irda.h	permanent: imported/upstream; provenance=vendored lib tree
file-lengths	lib/Drivers/stm32g0xx_hal_driver/Inc/stm32g0xx_hal_lptim.h	permanent: imported/upstream; provenance=vendored lib tree
file-lengths	lib/Drivers/stm32g0xx_hal_driver/Inc/stm32g0xx_hal_pcd.h	permanent: imported/upstream; provenance=vendored lib tree
file-lengths	lib/Drivers/stm32g0xx_hal_driver/Inc/stm32g0xx_hal_pwr_ex.h	permanent: imported/upstream; provenance=vendored lib tree
file-lengths	lib/Drivers/stm32g0xx_hal_driver/Inc/stm32g0xx_hal_rcc.h	permanent: imported/upstream; provenance=vendored lib tree
file-lengths	lib/Drivers/stm32g0xx_hal_driver/Inc/stm32g0xx_hal_rcc_ex.h	permanent: imported/upstream; provenance=vendored lib tree
file-lengths	lib/Drivers/stm32g0xx_hal_driver/Inc/stm32g0xx_hal_rtc.h	permanent: imported/upstream; provenance=vendored lib tree
file-lengths	lib/Drivers/stm32g0xx_hal_driver/Inc/stm32g0xx_hal_rtc_ex.h	permanent: imported/upstream; provenance=vendored lib tree
file-lengths	lib/Drivers/stm32g0xx_hal_driver/Inc/stm32g0xx_hal_smartcard.h	permanent: imported/upstream; provenance=vendored lib tree
file-lengths	lib/Drivers/stm32g0xx_hal_driver/Inc/stm32g0xx_hal_smbus.h	permanent: imported/upstream; provenance=vendored lib tree
file-lengths	lib/Drivers/stm32g0xx_hal_driver/Inc/stm32g0xx_hal_spi.h	permanent: imported/upstream; provenance=vendored lib tree
file-lengths	lib/Drivers/stm32g0xx_hal_driver/Inc/stm32g0xx_hal_tim.h	permanent: imported/upstream; provenance=vendored lib tree
file-lengths	lib/Drivers/stm32g0xx_hal_driver/Inc/stm32g0xx_hal_uart.h	permanent: imported/upstream; provenance=vendored lib tree
file-lengths	lib/Drivers/stm32g0xx_hal_driver/Inc/stm32g0xx_hal_uart_ex.h	permanent: imported/upstream; provenance=vendored lib tree
file-lengths	lib/Drivers/stm32g0xx_hal_driver/Inc/stm32g0xx_hal_usart.h	permanent: imported/upstream; provenance=vendored lib tree
file-lengths	lib/Drivers/stm32g0xx_hal_driver/Inc/stm32g0xx_ll_adc.h	permanent: imported/upstream; provenance=vendored lib tree
file-lengths	lib/Drivers/stm32g0xx_hal_driver/Inc/stm32g0xx_ll_bus.h	permanent: imported/upstream; provenance=vendored lib tree
file-lengths	lib/Drivers/stm32g0xx_hal_driver/Inc/stm32g0xx_ll_comp.h	permanent: imported/upstream; provenance=vendored lib tree
file-lengths	lib/Drivers/stm32g0xx_hal_driver/Inc/stm32g0xx_ll_crs.h	permanent: imported/upstream; provenance=vendored lib tree
file-lengths	lib/Drivers/stm32g0xx_hal_driver/Inc/stm32g0xx_ll_dac.h	permanent: imported/upstream; provenance=vendored lib tree
file-lengths	lib/Drivers/stm32g0xx_hal_driver/Inc/stm32g0xx_ll_dma.h	permanent: imported/upstream; provenance=vendored lib tree
file-lengths	lib/Drivers/stm32g0xx_hal_driver/Inc/stm32g0xx_ll_dmamux.h	permanent: imported/upstream; provenance=vendored lib tree
file-lengths	lib/Drivers/stm32g0xx_hal_driver/Inc/stm32g0xx_ll_exti.h	permanent: imported/upstream; provenance=vendored lib tree
file-lengths	lib/Drivers/stm32g0xx_hal_driver/Inc/stm32g0xx_ll_gpio.h	permanent: imported/upstream; provenance=vendored lib tree
file-lengths	lib/Drivers/stm32g0xx_hal_driver/Inc/stm32g0xx_ll_i2c.h	permanent: imported/upstream; provenance=vendored lib tree
file-lengths	lib/Drivers/stm32g0xx_hal_driver/Inc/stm32g0xx_ll_lptim.h	permanent: imported/upstream; provenance=vendored lib tree
file-lengths	lib/Drivers/stm32g0xx_hal_driver/Inc/stm32g0xx_ll_lpuart.h	permanent: imported/upstream; provenance=vendored lib tree
file-lengths	lib/Drivers/stm32g0xx_hal_driver/Inc/stm32g0xx_ll_pwr.h	permanent: imported/upstream; provenance=vendored lib tree
file-lengths	lib/Drivers/stm32g0xx_hal_driver/Inc/stm32g0xx_ll_rcc.h	permanent: imported/upstream; provenance=vendored lib tree
file-lengths	lib/Drivers/stm32g0xx_hal_driver/Inc/stm32g0xx_ll_rtc.h	permanent: imported/upstream; provenance=vendored lib tree
file-lengths	lib/Drivers/stm32g0xx_hal_driver/Inc/stm32g0xx_ll_spi.h	permanent: imported/upstream; provenance=vendored lib tree
file-lengths	lib/Drivers/stm32g0xx_hal_driver/Inc/stm32g0xx_ll_system.h	permanent: imported/upstream; provenance=vendored lib tree
file-lengths	lib/Drivers/stm32g0xx_hal_driver/Inc/stm32g0xx_ll_tim.h	permanent: imported/upstream; provenance=vendored lib tree
file-lengths	lib/Drivers/stm32g0xx_hal_driver/Inc/stm32g0xx_ll_ucpd.h	permanent: imported/upstream; provenance=vendored lib tree
file-lengths	lib/Drivers/stm32g0xx_hal_driver/Inc/stm32g0xx_ll_usart.h	permanent: imported/upstream; provenance=vendored lib tree
file-lengths	lib/Drivers/stm32g0xx_hal_driver/Inc/stm32g0xx_ll_usb.h	permanent: imported/upstream; provenance=vendored lib tree
file-lengths	lib/Drivers/stm32g0xx_hal_driver/Release_Notes.html	permanent: imported/upstream; provenance=vendored lib tree
file-lengths	lib/Drivers/stm32g0xx_hal_driver/Src/stm32g0xx_hal.c	permanent: imported/upstream; provenance=vendored lib tree
file-lengths	lib/Drivers/stm32g0xx_hal_driver/Src/stm32g0xx_hal_adc.c	permanent: imported/upstream; provenance=vendored lib tree
file-lengths	lib/Drivers/stm32g0xx_hal_driver/Src/stm32g0xx_hal_cec.c	permanent: imported/upstream; provenance=vendored lib tree
file-lengths	lib/Drivers/stm32g0xx_hal_driver/Src/stm32g0xx_hal_comp.c	permanent: imported/upstream; provenance=vendored lib tree
file-lengths	lib/Drivers/stm32g0xx_hal_driver/Src/stm32g0xx_hal_cryp.c	permanent: imported/upstream; provenance=vendored lib tree
file-lengths	lib/Drivers/stm32g0xx_hal_driver/Src/stm32g0xx_hal_dac.c	permanent: imported/upstream; provenance=vendored lib tree
file-lengths	lib/Drivers/stm32g0xx_hal_driver/Src/stm32g0xx_hal_dma.c	permanent: imported/upstream; provenance=vendored lib tree
file-lengths	lib/Drivers/stm32g0xx_hal_driver/Src/stm32g0xx_hal_exti.c	permanent: imported/upstream; provenance=vendored lib tree
file-lengths	lib/Drivers/stm32g0xx_hal_driver/Src/stm32g0xx_hal_fdcan.c	permanent: imported/upstream; provenance=vendored lib tree
file-lengths	lib/Drivers/stm32g0xx_hal_driver/Src/stm32g0xx_hal_flash.c	permanent: imported/upstream; provenance=vendored lib tree
file-lengths	lib/Drivers/stm32g0xx_hal_driver/Src/stm32g0xx_hal_flash_ex.c	permanent: imported/upstream; provenance=vendored lib tree
file-lengths	lib/Drivers/stm32g0xx_hal_driver/Src/stm32g0xx_hal_hcd.c	permanent: imported/upstream; provenance=vendored lib tree
file-lengths	lib/Drivers/stm32g0xx_hal_driver/Src/stm32g0xx_hal_i2c.c	permanent: imported/upstream; provenance=vendored lib tree
file-lengths	lib/Drivers/stm32g0xx_hal_driver/Src/stm32g0xx_hal_i2s.c	permanent: imported/upstream; provenance=vendored lib tree
file-lengths	lib/Drivers/stm32g0xx_hal_driver/Src/stm32g0xx_hal_irda.c	permanent: imported/upstream; provenance=vendored lib tree
file-lengths	lib/Drivers/stm32g0xx_hal_driver/Src/stm32g0xx_hal_lptim.c	permanent: imported/upstream; provenance=vendored lib tree
file-lengths	lib/Drivers/stm32g0xx_hal_driver/Src/stm32g0xx_hal_pcd.c	permanent: imported/upstream; provenance=vendored lib tree
file-lengths	lib/Drivers/stm32g0xx_hal_driver/Src/stm32g0xx_hal_pwr_ex.c	permanent: imported/upstream; provenance=vendored lib tree
file-lengths	lib/Drivers/stm32g0xx_hal_driver/Src/stm32g0xx_hal_rcc.c	permanent: imported/upstream; provenance=vendored lib tree
file-lengths	lib/Drivers/stm32g0xx_hal_driver/Src/stm32g0xx_hal_rcc_ex.c	permanent: imported/upstream; provenance=vendored lib tree
file-lengths	lib/Drivers/stm32g0xx_hal_driver/Src/stm32g0xx_hal_rng.c	permanent: imported/upstream; provenance=vendored lib tree
file-lengths	lib/Drivers/stm32g0xx_hal_driver/Src/stm32g0xx_hal_rtc.c	permanent: imported/upstream; provenance=vendored lib tree
file-lengths	lib/Drivers/stm32g0xx_hal_driver/Src/stm32g0xx_hal_rtc_ex.c	permanent: imported/upstream; provenance=vendored lib tree
file-lengths	lib/Drivers/stm32g0xx_hal_driver/Src/stm32g0xx_hal_smartcard.c	permanent: imported/upstream; provenance=vendored lib tree
file-lengths	lib/Drivers/stm32g0xx_hal_driver/Src/stm32g0xx_hal_smbus.c	permanent: imported/upstream; provenance=vendored lib tree
file-lengths	lib/Drivers/stm32g0xx_hal_driver/Src/stm32g0xx_hal_spi.c	permanent: imported/upstream; provenance=vendored lib tree
file-lengths	lib/Drivers/stm32g0xx_hal_driver/Src/stm32g0xx_hal_tim.c	permanent: imported/upstream; provenance=vendored lib tree
file-lengths	lib/Drivers/stm32g0xx_hal_driver/Src/stm32g0xx_hal_tim_ex.c	permanent: imported/upstream; provenance=vendored lib tree
file-lengths	lib/Drivers/stm32g0xx_hal_driver/Src/stm32g0xx_hal_uart.c	permanent: imported/upstream; provenance=vendored lib tree
file-lengths	lib/Drivers/stm32g0xx_hal_driver/Src/stm32g0xx_hal_uart_ex.c	permanent: imported/upstream; provenance=vendored lib tree
file-lengths	lib/Drivers/stm32g0xx_hal_driver/Src/stm32g0xx_hal_usart.c	permanent: imported/upstream; provenance=vendored lib tree
file-lengths	lib/Drivers/stm32g0xx_hal_driver/Src/stm32g0xx_ll_adc.c	permanent: imported/upstream; provenance=vendored lib tree
file-lengths	lib/Drivers/stm32g0xx_hal_driver/Src/stm32g0xx_ll_rcc.c	permanent: imported/upstream; provenance=vendored lib tree
file-lengths	lib/Drivers/stm32g0xx_hal_driver/Src/stm32g0xx_ll_rtc.c	permanent: imported/upstream; provenance=vendored lib tree
file-lengths	lib/Drivers/stm32g0xx_hal_driver/Src/stm32g0xx_ll_tim.c	permanent: imported/upstream; provenance=vendored lib tree
file-lengths	lib/Drivers/stm32g0xx_hal_driver/Src/stm32g0xx_ll_usb.c	permanent: imported/upstream; provenance=vendored lib tree
file-lengths	lib/Drivers/stm32g0xx_hal_driver/_htmresc/mini-st.css	permanent: imported/upstream; provenance=vendored lib tree
file-lengths	lib/Drivers/stm32g0xx_hal_driver/_htmresc/mini-st_2020.css	permanent: imported/upstream; provenance=vendored lib tree
file-lengths	lib/Drivers/stm32h5xx_hal_driver/Inc/Legacy/stm32_hal_legacy.h	permanent: imported/upstream; provenance=vendored lib tree
file-lengths	lib/Drivers/stm32h5xx_hal_driver/Inc/stm32h5xx_hal.h	permanent: imported/upstream; provenance=vendored lib tree
file-lengths	lib/Drivers/stm32h5xx_hal_driver/Inc/stm32h5xx_hal_adc.h	permanent: imported/upstream; provenance=vendored lib tree
file-lengths	lib/Drivers/stm32h5xx_hal_driver/Inc/stm32h5xx_hal_adc_ex.h	permanent: imported/upstream; provenance=vendored lib tree
file-lengths	lib/Drivers/stm32h5xx_hal_driver/Inc/stm32h5xx_hal_cec.h	permanent: imported/upstream; provenance=vendored lib tree
file-lengths	lib/Drivers/stm32h5xx_hal_driver/Inc/stm32h5xx_hal_cryp.h	permanent: imported/upstream; provenance=vendored lib tree
file-lengths	lib/Drivers/stm32h5xx_hal_driver/Inc/stm32h5xx_hal_dcmi.h	permanent: imported/upstream; provenance=vendored lib tree
file-lengths	lib/Drivers/stm32h5xx_hal_driver/Inc/stm32h5xx_hal_dma.h	permanent: imported/upstream; provenance=vendored lib tree
file-lengths	lib/Drivers/stm32h5xx_hal_driver/Inc/stm32h5xx_hal_dma_ex.h	permanent: imported/upstream; provenance=vendored lib tree
file-lengths	lib/Drivers/stm32h5xx_hal_driver/Inc/stm32h5xx_hal_eth.h	permanent: imported/upstream; provenance=vendored lib tree
file-lengths	lib/Drivers/stm32h5xx_hal_driver/Inc/stm32h5xx_hal_fdcan.h	permanent: imported/upstream; provenance=vendored lib tree
file-lengths	lib/Drivers/stm32h5xx_hal_driver/Inc/stm32h5xx_hal_flash.h	permanent: imported/upstream; provenance=vendored lib tree
file-lengths	lib/Drivers/stm32h5xx_hal_driver/Inc/stm32h5xx_hal_flash_ex.h	permanent: imported/upstream; provenance=vendored lib tree
file-lengths	lib/Drivers/stm32h5xx_hal_driver/Inc/stm32h5xx_hal_fmac.h	permanent: imported/upstream; provenance=vendored lib tree
file-lengths	lib/Drivers/stm32h5xx_hal_driver/Inc/stm32h5xx_hal_gtzc.h	permanent: imported/upstream; provenance=vendored lib tree
file-lengths	lib/Drivers/stm32h5xx_hal_driver/Inc/stm32h5xx_hal_i2c.h	permanent: imported/upstream; provenance=vendored lib tree
file-lengths	lib/Drivers/stm32h5xx_hal_driver/Inc/stm32h5xx_hal_i2s.h	permanent: imported/upstream; provenance=vendored lib tree
file-lengths	lib/Drivers/stm32h5xx_hal_driver/Inc/stm32h5xx_hal_i3c.h	permanent: imported/upstream; provenance=vendored lib tree
file-lengths	lib/Drivers/stm32h5xx_hal_driver/Inc/stm32h5xx_hal_irda.h	permanent: imported/upstream; provenance=vendored lib tree
file-lengths	lib/Drivers/stm32h5xx_hal_driver/Inc/stm32h5xx_hal_irda_ex.h	permanent: imported/upstream; provenance=vendored lib tree
file-lengths	lib/Drivers/stm32h5xx_hal_driver/Inc/stm32h5xx_hal_lptim.h	permanent: imported/upstream; provenance=vendored lib tree
file-lengths	lib/Drivers/stm32h5xx_hal_driver/Inc/stm32h5xx_hal_mmc.h	permanent: imported/upstream; provenance=vendored lib tree
file-lengths	lib/Drivers/stm32h5xx_hal_driver/Inc/stm32h5xx_hal_pcd.h	permanent: imported/upstream; provenance=vendored lib tree
file-lengths	lib/Drivers/stm32h5xx_hal_driver/Inc/stm32h5xx_hal_pka.h	permanent: imported/upstream; provenance=vendored lib tree
file-lengths	lib/Drivers/stm32h5xx_hal_driver/Inc/stm32h5xx_hal_pwr.h	permanent: imported/upstream; provenance=vendored lib tree
file-lengths	lib/Drivers/stm32h5xx_hal_driver/Inc/stm32h5xx_hal_rcc.h	permanent: imported/upstream; provenance=vendored lib tree
file-lengths	lib/Drivers/stm32h5xx_hal_driver/Inc/stm32h5xx_hal_rcc_ex.h	permanent: imported/upstream; provenance=vendored lib tree
file-lengths	lib/Drivers/stm32h5xx_hal_driver/Inc/stm32h5xx_hal_rtc.h	permanent: imported/upstream; provenance=vendored lib tree
file-lengths	lib/Drivers/stm32h5xx_hal_driver/Inc/stm32h5xx_hal_rtc_ex.h	permanent: imported/upstream; provenance=vendored lib tree
file-lengths	lib/Drivers/stm32h5xx_hal_driver/Inc/stm32h5xx_hal_sai.h	permanent: imported/upstream; provenance=vendored lib tree
file-lengths	lib/Drivers/stm32h5xx_hal_driver/Inc/stm32h5xx_hal_sd.h	permanent: imported/upstream; provenance=vendored lib tree
file-lengths	lib/Drivers/stm32h5xx_hal_driver/Inc/stm32h5xx_hal_smartcard.h	permanent: imported/upstream; provenance=vendored lib tree
file-lengths	lib/Drivers/stm32h5xx_hal_driver/Inc/stm32h5xx_hal_smbus.h	permanent: imported/upstream; provenance=vendored lib tree
file-lengths	lib/Drivers/stm32h5xx_hal_driver/Inc/stm32h5xx_hal_spi.h	permanent: imported/upstream; provenance=vendored lib tree
file-lengths	lib/Drivers/stm32h5xx_hal_driver/Inc/stm32h5xx_hal_tim.h	permanent: imported/upstream; provenance=vendored lib tree
file-lengths	lib/Drivers/stm32h5xx_hal_driver/Inc/stm32h5xx_hal_tim_ex.h	permanent: imported/upstream; provenance=vendored lib tree
file-lengths	lib/Drivers/stm32h5xx_hal_driver/Inc/stm32h5xx_hal_uart.h	permanent: imported/upstream; provenance=vendored lib tree
file-lengths	lib/Drivers/stm32h5xx_hal_driver/Inc/stm32h5xx_hal_usart.h	permanent: imported/upstream; provenance=vendored lib tree
file-lengths	lib/Drivers/stm32h5xx_hal_driver/Inc/stm32h5xx_hal_xspi.h	permanent: imported/upstream; provenance=vendored lib tree
file-lengths	lib/Drivers/stm32h5xx_hal_driver/Inc/stm32h5xx_ll_adc.h	permanent: imported/upstream; provenance=vendored lib tree
file-lengths	lib/Drivers/stm32h5xx_hal_driver/Inc/stm32h5xx_ll_bus.h	permanent: imported/upstream; provenance=vendored lib tree
file-lengths	lib/Drivers/stm32h5xx_hal_driver/Inc/stm32h5xx_ll_comp.h	permanent: imported/upstream; provenance=vendored lib tree
file-lengths	lib/Drivers/stm32h5xx_hal_driver/Inc/stm32h5xx_ll_cordic.h	permanent: imported/upstream; provenance=vendored lib tree
file-lengths	lib/Drivers/stm32h5xx_hal_driver/Inc/stm32h5xx_ll_cortex.h	permanent: imported/upstream; provenance=vendored lib tree
file-lengths	lib/Drivers/stm32h5xx_hal_driver/Inc/stm32h5xx_ll_crs.h	permanent: imported/upstream; provenance=vendored lib tree
file-lengths	lib/Drivers/stm32h5xx_hal_driver/Inc/stm32h5xx_ll_dac.h	permanent: imported/upstream; provenance=vendored lib tree
file-lengths	lib/Drivers/stm32h5xx_hal_driver/Inc/stm32h5xx_ll_dcache.h	permanent: imported/upstream; provenance=vendored lib tree
file-lengths	lib/Drivers/stm32h5xx_hal_driver/Inc/stm32h5xx_ll_dma.h	permanent: imported/upstream; provenance=vendored lib tree
file-lengths	lib/Drivers/stm32h5xx_hal_driver/Inc/stm32h5xx_ll_exti.h	permanent: imported/upstream; provenance=vendored lib tree
file-lengths	lib/Drivers/stm32h5xx_hal_driver/Inc/stm32h5xx_ll_fmac.h	permanent: imported/upstream; provenance=vendored lib tree
file-lengths	lib/Drivers/stm32h5xx_hal_driver/Inc/stm32h5xx_ll_fmc.h	permanent: imported/upstream; provenance=vendored lib tree
file-lengths	lib/Drivers/stm32h5xx_hal_driver/Inc/stm32h5xx_ll_gpio.h	permanent: imported/upstream; provenance=vendored lib tree
file-lengths	lib/Drivers/stm32h5xx_hal_driver/Inc/stm32h5xx_ll_i2c.h	permanent: imported/upstream; provenance=vendored lib tree
file-lengths	lib/Drivers/stm32h5xx_hal_driver/Inc/stm32h5xx_ll_i3c.h	permanent: imported/upstream; provenance=vendored lib tree
file-lengths	lib/Drivers/stm32h5xx_hal_driver/Inc/stm32h5xx_ll_icache.h	permanent: imported/upstream; provenance=vendored lib tree
file-lengths	lib/Drivers/stm32h5xx_hal_driver/Inc/stm32h5xx_ll_lptim.h	permanent: imported/upstream; provenance=vendored lib tree
file-lengths	lib/Drivers/stm32h5xx_hal_driver/Inc/stm32h5xx_ll_lpuart.h	permanent: imported/upstream; provenance=vendored lib tree
file-lengths	lib/Drivers/stm32h5xx_hal_driver/Inc/stm32h5xx_ll_opamp.h	permanent: imported/upstream; provenance=vendored lib tree
file-lengths	lib/Drivers/stm32h5xx_hal_driver/Inc/stm32h5xx_ll_pwr.h	permanent: imported/upstream; provenance=vendored lib tree
file-lengths	lib/Drivers/stm32h5xx_hal_driver/Inc/stm32h5xx_ll_rcc.h	permanent: imported/upstream; provenance=vendored lib tree
file-lengths	lib/Drivers/stm32h5xx_hal_driver/Inc/stm32h5xx_ll_rng.h	permanent: imported/upstream; provenance=vendored lib tree
file-lengths	lib/Drivers/stm32h5xx_hal_driver/Inc/stm32h5xx_ll_rtc.h	permanent: imported/upstream; provenance=vendored lib tree
file-lengths	lib/Drivers/stm32h5xx_hal_driver/Inc/stm32h5xx_ll_sdmmc.h	permanent: imported/upstream; provenance=vendored lib tree
file-lengths	lib/Drivers/stm32h5xx_hal_driver/Inc/stm32h5xx_ll_spi.h	permanent: imported/upstream; provenance=vendored lib tree
file-lengths	lib/Drivers/stm32h5xx_hal_driver/Inc/stm32h5xx_ll_system.h	permanent: imported/upstream; provenance=vendored lib tree
file-lengths	lib/Drivers/stm32h5xx_hal_driver/Inc/stm32h5xx_ll_tim.h	permanent: imported/upstream; provenance=vendored lib tree
file-lengths	lib/Drivers/stm32h5xx_hal_driver/Inc/stm32h5xx_ll_ucpd.h	permanent: imported/upstream; provenance=vendored lib tree
file-lengths	lib/Drivers/stm32h5xx_hal_driver/Inc/stm32h5xx_ll_usart.h	permanent: imported/upstream; provenance=vendored lib tree
file-lengths	lib/Drivers/stm32h5xx_hal_driver/Inc/stm32h5xx_ll_usb.h	permanent: imported/upstream; provenance=vendored lib tree
file-lengths	lib/Drivers/stm32h5xx_hal_driver/Src/stm32h5xx_hal.c	permanent: imported/upstream; provenance=vendored lib tree
file-lengths	lib/Drivers/stm32h5xx_hal_driver/Src/stm32h5xx_hal_adc.c	permanent: imported/upstream; provenance=vendored lib tree
file-lengths	lib/Drivers/stm32h5xx_hal_driver/Src/stm32h5xx_hal_adc_ex.c	permanent: imported/upstream; provenance=vendored lib tree
file-lengths	lib/Drivers/stm32h5xx_hal_driver/Src/stm32h5xx_hal_cec.c	permanent: imported/upstream; provenance=vendored lib tree
file-lengths	lib/Drivers/stm32h5xx_hal_driver/Src/stm32h5xx_hal_comp.c	permanent: imported/upstream; provenance=vendored lib tree
file-lengths	lib/Drivers/stm32h5xx_hal_driver/Src/stm32h5xx_hal_cordic.c	permanent: imported/upstream; provenance=vendored lib tree
file-lengths	lib/Drivers/stm32h5xx_hal_driver/Src/stm32h5xx_hal_cortex.c	permanent: imported/upstream; provenance=vendored lib tree
file-lengths	lib/Drivers/stm32h5xx_hal_driver/Src/stm32h5xx_hal_cryp.c	permanent: imported/upstream; provenance=vendored lib tree
file-lengths	lib/Drivers/stm32h5xx_hal_driver/Src/stm32h5xx_hal_cryp_ex.c	permanent: imported/upstream; provenance=vendored lib tree
file-lengths	lib/Drivers/stm32h5xx_hal_driver/Src/stm32h5xx_hal_dac.c	permanent: imported/upstream; provenance=vendored lib tree
file-lengths	lib/Drivers/stm32h5xx_hal_driver/Src/stm32h5xx_hal_dac_ex.c	permanent: imported/upstream; provenance=vendored lib tree
file-lengths	lib/Drivers/stm32h5xx_hal_driver/Src/stm32h5xx_hal_dcache.c	permanent: imported/upstream; provenance=vendored lib tree
file-lengths	lib/Drivers/stm32h5xx_hal_driver/Src/stm32h5xx_hal_dcmi.c	permanent: imported/upstream; provenance=vendored lib tree
file-lengths	lib/Drivers/stm32h5xx_hal_driver/Src/stm32h5xx_hal_dma.c	permanent: imported/upstream; provenance=vendored lib tree
file-lengths	lib/Drivers/stm32h5xx_hal_driver/Src/stm32h5xx_hal_dma_ex.c	permanent: imported/upstream; provenance=vendored lib tree
file-lengths	lib/Drivers/stm32h5xx_hal_driver/Src/stm32h5xx_hal_dts.c	permanent: imported/upstream; provenance=vendored lib tree
file-lengths	lib/Drivers/stm32h5xx_hal_driver/Src/stm32h5xx_hal_eth.c	permanent: imported/upstream; provenance=vendored lib tree
file-lengths	lib/Drivers/stm32h5xx_hal_driver/Src/stm32h5xx_hal_eth_ex.c	permanent: imported/upstream; provenance=vendored lib tree
file-lengths	lib/Drivers/stm32h5xx_hal_driver/Src/stm32h5xx_hal_exti.c	permanent: imported/upstream; provenance=vendored lib tree
file-lengths	lib/Drivers/stm32h5xx_hal_driver/Src/stm32h5xx_hal_fdcan.c	permanent: imported/upstream; provenance=vendored lib tree
file-lengths	lib/Drivers/stm32h5xx_hal_driver/Src/stm32h5xx_hal_flash.c	permanent: imported/upstream; provenance=vendored lib tree
file-lengths	lib/Drivers/stm32h5xx_hal_driver/Src/stm32h5xx_hal_flash_ex.c	permanent: imported/upstream; provenance=vendored lib tree
file-lengths	lib/Drivers/stm32h5xx_hal_driver/Src/stm32h5xx_hal_fmac.c	permanent: imported/upstream; provenance=vendored lib tree
file-lengths	lib/Drivers/stm32h5xx_hal_driver/Src/stm32h5xx_hal_gpio.c	permanent: imported/upstream; provenance=vendored lib tree
file-lengths	lib/Drivers/stm32h5xx_hal_driver/Src/stm32h5xx_hal_gtzc.c	permanent: imported/upstream; provenance=vendored lib tree
file-lengths	lib/Drivers/stm32h5xx_hal_driver/Src/stm32h5xx_hal_hash.c	permanent: imported/upstream; provenance=vendored lib tree
file-lengths	lib/Drivers/stm32h5xx_hal_driver/Src/stm32h5xx_hal_hcd.c	permanent: imported/upstream; provenance=vendored lib tree
file-lengths	lib/Drivers/stm32h5xx_hal_driver/Src/stm32h5xx_hal_i2c.c	permanent: imported/upstream; provenance=vendored lib tree
file-lengths	lib/Drivers/stm32h5xx_hal_driver/Src/stm32h5xx_hal_i2s.c	permanent: imported/upstream; provenance=vendored lib tree
file-lengths	lib/Drivers/stm32h5xx_hal_driver/Src/stm32h5xx_hal_i3c.c	permanent: imported/upstream; provenance=vendored lib tree
file-lengths	lib/Drivers/stm32h5xx_hal_driver/Src/stm32h5xx_hal_icache.c	permanent: imported/upstream; provenance=vendored lib tree
file-lengths	lib/Drivers/stm32h5xx_hal_driver/Src/stm32h5xx_hal_irda.c	permanent: imported/upstream; provenance=vendored lib tree
file-lengths	lib/Drivers/stm32h5xx_hal_driver/Src/stm32h5xx_hal_lptim.c	permanent: imported/upstream; provenance=vendored lib tree
file-lengths	lib/Drivers/stm32h5xx_hal_driver/Src/stm32h5xx_hal_mmc.c	permanent: imported/upstream; provenance=vendored lib tree
file-lengths	lib/Drivers/stm32h5xx_hal_driver/Src/stm32h5xx_hal_nand.c	permanent: imported/upstream; provenance=vendored lib tree
file-lengths	lib/Drivers/stm32h5xx_hal_driver/Src/stm32h5xx_hal_nor.c	permanent: imported/upstream; provenance=vendored lib tree
file-lengths	lib/Drivers/stm32h5xx_hal_driver/Src/stm32h5xx_hal_opamp.c	permanent: imported/upstream; provenance=vendored lib tree
file-lengths	lib/Drivers/stm32h5xx_hal_driver/Src/stm32h5xx_hal_otfdec.c	permanent: imported/upstream; provenance=vendored lib tree
file-lengths	lib/Drivers/stm32h5xx_hal_driver/Src/stm32h5xx_hal_pcd.c	permanent: imported/upstream; provenance=vendored lib tree
file-lengths	lib/Drivers/stm32h5xx_hal_driver/Src/stm32h5xx_hal_pka.c	permanent: imported/upstream; provenance=vendored lib tree
file-lengths	lib/Drivers/stm32h5xx_hal_driver/Src/stm32h5xx_hal_pssi.c	permanent: imported/upstream; provenance=vendored lib tree
file-lengths	lib/Drivers/stm32h5xx_hal_driver/Src/stm32h5xx_hal_pwr.c	permanent: imported/upstream; provenance=vendored lib tree
file-lengths	lib/Drivers/stm32h5xx_hal_driver/Src/stm32h5xx_hal_pwr_ex.c	permanent: imported/upstream; provenance=vendored lib tree
file-lengths	lib/Drivers/stm32h5xx_hal_driver/Src/stm32h5xx_hal_ramcfg.c	permanent: imported/upstream; provenance=vendored lib tree
file-lengths	lib/Drivers/stm32h5xx_hal_driver/Src/stm32h5xx_hal_rcc.c	permanent: imported/upstream; provenance=vendored lib tree
file-lengths	lib/Drivers/stm32h5xx_hal_driver/Src/stm32h5xx_hal_rcc_ex.c	permanent: imported/upstream; provenance=vendored lib tree
file-lengths	lib/Drivers/stm32h5xx_hal_driver/Src/stm32h5xx_hal_rng.c	permanent: imported/upstream; provenance=vendored lib tree
file-lengths	lib/Drivers/stm32h5xx_hal_driver/Src/stm32h5xx_hal_rtc.c	permanent: imported/upstream; provenance=vendored lib tree
file-lengths	lib/Drivers/stm32h5xx_hal_driver/Src/stm32h5xx_hal_rtc_ex.c	permanent: imported/upstream; provenance=vendored lib tree
file-lengths	lib/Drivers/stm32h5xx_hal_driver/Src/stm32h5xx_hal_sai.c	permanent: imported/upstream; provenance=vendored lib tree
file-lengths	lib/Drivers/stm32h5xx_hal_driver/Src/stm32h5xx_hal_sd.c	permanent: imported/upstream; provenance=vendored lib tree
file-lengths	lib/Drivers/stm32h5xx_hal_driver/Src/stm32h5xx_hal_sdram.c	permanent: imported/upstream; provenance=vendored lib tree
file-lengths	lib/Drivers/stm32h5xx_hal_driver/Src/stm32h5xx_hal_smartcard.c	permanent: imported/upstream; provenance=vendored lib tree
file-lengths	lib/Drivers/stm32h5xx_hal_driver/Src/stm32h5xx_hal_smbus.c	permanent: imported/upstream; provenance=vendored lib tree
file-lengths	lib/Drivers/stm32h5xx_hal_driver/Src/stm32h5xx_hal_spi.c	permanent: imported/upstream; provenance=vendored lib tree
file-lengths	lib/Drivers/stm32h5xx_hal_driver/Src/stm32h5xx_hal_sram.c	permanent: imported/upstream; provenance=vendored lib tree
file-lengths	lib/Drivers/stm32h5xx_hal_driver/Src/stm32h5xx_hal_tim.c	permanent: imported/upstream; provenance=vendored lib tree
file-lengths	lib/Drivers/stm32h5xx_hal_driver/Src/stm32h5xx_hal_tim_ex.c	permanent: imported/upstream; provenance=vendored lib tree
file-lengths	lib/Drivers/stm32h5xx_hal_driver/Src/stm32h5xx_hal_uart.c	permanent: imported/upstream; provenance=vendored lib tree
file-lengths	lib/Drivers/stm32h5xx_hal_driver/Src/stm32h5xx_hal_uart_ex.c	permanent: imported/upstream; provenance=vendored lib tree
file-lengths	lib/Drivers/stm32h5xx_hal_driver/Src/stm32h5xx_hal_usart.c	permanent: imported/upstream; provenance=vendored lib tree
file-lengths	lib/Drivers/stm32h5xx_hal_driver/Src/stm32h5xx_hal_xspi.c	permanent: imported/upstream; provenance=vendored lib tree
file-lengths	lib/Drivers/stm32h5xx_hal_driver/Src/stm32h5xx_ll_adc.c	permanent: imported/upstream; provenance=vendored lib tree
file-lengths	lib/Drivers/stm32h5xx_hal_driver/Src/stm32h5xx_ll_dma.c	permanent: imported/upstream; provenance=vendored lib tree
file-lengths	lib/Drivers/stm32h5xx_hal_driver/Src/stm32h5xx_ll_fmc.c	permanent: imported/upstream; provenance=vendored lib tree
file-lengths	lib/Drivers/stm32h5xx_hal_driver/Src/stm32h5xx_ll_rcc.c	permanent: imported/upstream; provenance=vendored lib tree
file-lengths	lib/Drivers/stm32h5xx_hal_driver/Src/stm32h5xx_ll_rtc.c	permanent: imported/upstream; provenance=vendored lib tree
file-lengths	lib/Drivers/stm32h5xx_hal_driver/Src/stm32h5xx_ll_sdmmc.c	permanent: imported/upstream; provenance=vendored lib tree
file-lengths	lib/Drivers/stm32h5xx_hal_driver/Src/stm32h5xx_ll_spi.c	permanent: imported/upstream; provenance=vendored lib tree
file-lengths	lib/Drivers/stm32h5xx_hal_driver/Src/stm32h5xx_ll_tim.c	permanent: imported/upstream; provenance=vendored lib tree
file-lengths	lib/Drivers/stm32h5xx_hal_driver/Src/stm32h5xx_ll_usb.c	permanent: imported/upstream; provenance=vendored lib tree
file-lengths	lib/Drivers/stm32h5xx_hal_driver/Src/stm32h5xx_ll_utils.c	permanent: imported/upstream; provenance=vendored lib tree
file-lengths	lib/Drivers/stm32h5xx_hal_driver/_htmresc/mini-st_2020.css	permanent: imported/upstream; provenance=vendored lib tree
file-lengths	lib/Marlin/Marlin/src/HAL/HAL_STM32_F4_F7/STM32F7/TMC2660.cpp	permanent: imported/upstream; provenance=vendored lib tree
file-lengths	lib/Marlin/Marlin/src/Marlin.cpp	permanent: imported/upstream; provenance=vendored lib tree
file-lengths	lib/Marlin/Marlin/src/core/macros.h	permanent: imported/upstream; provenance=vendored lib tree
file-lengths	lib/Marlin/Marlin/src/core/types.h	permanent: imported/upstream; provenance=vendored lib tree
file-lengths	lib/Marlin/Marlin/src/feature/I2CPositionEncoder.cpp	permanent: imported/upstream; provenance=vendored lib tree
file-lengths	lib/Marlin/Marlin/src/feature/bedlevel/ubl/ubl_G29.cpp	permanent: imported/upstream; provenance=vendored lib tree
file-lengths	lib/Marlin/Marlin/src/feature/phase_stepping/calibration.cpp	permanent: imported/upstream; provenance=vendored lib tree
file-lengths	lib/Marlin/Marlin/src/feature/phase_stepping/phase_stepping.cpp	permanent: imported/upstream; provenance=vendored lib tree
file-lengths	lib/Marlin/Marlin/src/feature/precise_stepping/precise_stepping.cpp	permanent: imported/upstream; provenance=vendored lib tree
file-lengths	lib/Marlin/Marlin/src/feature/prusa/MMU2/mmu2_mk4.cpp	permanent: imported/upstream; provenance=vendored lib tree
file-lengths	lib/Marlin/Marlin/src/feature/prusa/MMU2/protocol_logic.cpp	permanent: imported/upstream; provenance=vendored lib tree
file-lengths	lib/Marlin/Marlin/src/feature/tmc_util.cpp	permanent: imported/upstream; provenance=vendored lib tree
file-lengths	lib/Marlin/Marlin/src/gcode/calibrate/G28.cpp	permanent: imported/upstream; provenance=vendored lib tree
file-lengths	lib/Marlin/Marlin/src/gcode/calibrate/G33.cpp	permanent: imported/upstream; provenance=vendored lib tree
file-lengths	lib/Marlin/Marlin/src/gcode/calibrate/G65.cpp	permanent: imported/upstream; provenance=vendored lib tree
file-lengths	lib/Marlin/Marlin/src/gcode/calibrate/M958.cpp	permanent: imported/upstream; provenance=vendored lib tree
file-lengths	lib/Marlin/Marlin/src/gcode/gcode.cpp	permanent: imported/upstream; provenance=vendored lib tree
file-lengths	lib/Marlin/Marlin/src/gcode/gcode.h	permanent: imported/upstream; provenance=vendored lib tree
file-lengths	lib/Marlin/Marlin/src/inc/Conditionals_LCD.h	permanent: imported/upstream; provenance=vendored lib tree
file-lengths	lib/Marlin/Marlin/src/inc/Conditionals_post.h	permanent: imported/upstream; provenance=vendored lib tree
file-lengths	lib/Marlin/Marlin/src/inc/SanityCheck.h	permanent: imported/upstream; provenance=vendored lib tree
file-lengths	lib/Marlin/Marlin/src/lcd/language/language_en.h	permanent: imported/upstream; provenance=vendored lib tree
file-lengths	lib/Marlin/Marlin/src/libs/softspi.h	permanent: imported/upstream; provenance=vendored lib tree
file-lengths	lib/Marlin/Marlin/src/module/configuration_store.cpp	permanent: imported/upstream; provenance=vendored lib tree
file-lengths	lib/Marlin/Marlin/src/module/endstops.cpp	permanent: imported/upstream; provenance=vendored lib tree
file-lengths	lib/Marlin/Marlin/src/module/motion.cpp	permanent: imported/upstream; provenance=vendored lib tree
file-lengths	lib/Marlin/Marlin/src/module/planner.cpp	permanent: imported/upstream; provenance=vendored lib tree
file-lengths	lib/Marlin/Marlin/src/module/planner.h	permanent: imported/upstream; provenance=vendored lib tree
file-lengths	lib/Marlin/Marlin/src/module/probe.cpp	permanent: imported/upstream; provenance=vendored lib tree
file-lengths	lib/Marlin/Marlin/src/module/prusa/homing_corexy.cpp	permanent: imported/upstream; provenance=vendored lib tree
file-lengths	lib/Marlin/Marlin/src/module/prusa/toolchanger.cpp	permanent: imported/upstream; provenance=vendored lib tree
file-lengths	lib/Marlin/Marlin/src/module/stepper.cpp	permanent: imported/upstream; provenance=vendored lib tree
file-lengths	lib/Marlin/Marlin/src/module/stepper/trinamic.cpp	permanent: imported/upstream; provenance=vendored lib tree
file-lengths	lib/Marlin/Marlin/src/module/temperature.cpp	permanent: imported/upstream; provenance=vendored lib tree
file-lengths	lib/Marlin/Marlin/src/module/temperature.h	permanent: imported/upstream; provenance=vendored lib tree
file-lengths	lib/Marlin/Marlin/src/module/tool_change.cpp	permanent: imported/upstream; provenance=vendored lib tree
file-lengths	lib/Marlin/Marlin/src/pins/pinsDebug_list.h	permanent: imported/upstream; provenance=vendored lib tree
file-lengths	lib/Middlewares/ST/STM32_USB_Host_Library/Class/MSC/Src/usbh_msc.c	permanent: imported/upstream; provenance=vendored lib tree
file-lengths	lib/Middlewares/ST/STM32_USB_Host_Library/Class/MSC/Src/usbh_msc_bot.c	permanent: imported/upstream; provenance=vendored lib tree
file-lengths	lib/Middlewares/ST/STM32_USB_Host_Library/Core/Src/usbh_core.c	permanent: imported/upstream; provenance=vendored lib tree
file-lengths	lib/Middlewares/ST/STM32_USB_Host_Library/Core/Src/usbh_ctlreq.c	permanent: imported/upstream; provenance=vendored lib tree
file-lengths	lib/Middlewares/Third_Party/FatFs/src/ff.c	permanent: imported/upstream; provenance=vendored lib tree
file-lengths	lib/Middlewares/Third_Party/FatFs/src/ffunicode.c	permanent: imported/upstream; provenance=vendored lib tree
file-lengths	lib/Middlewares/Third_Party/FreeRTOS/Source/CMSIS_RTOS/cmsis_os.c	permanent: imported/upstream; provenance=vendored lib tree
file-lengths	lib/Middlewares/Third_Party/FreeRTOS/Source/CMSIS_RTOS/cmsis_os.h	permanent: imported/upstream; provenance=vendored lib tree
file-lengths	lib/Middlewares/Third_Party/FreeRTOS/Source/event_groups.c	permanent: imported/upstream; provenance=vendored lib tree
file-lengths	lib/Middlewares/Third_Party/FreeRTOS/Source/include/FreeRTOS.h	permanent: imported/upstream; provenance=vendored lib tree
file-lengths	lib/Middlewares/Third_Party/FreeRTOS/Source/include/croutine.h	permanent: imported/upstream; provenance=vendored lib tree
file-lengths	lib/Middlewares/Third_Party/FreeRTOS/Source/include/event_groups.h	permanent: imported/upstream; provenance=vendored lib tree
file-lengths	lib/Middlewares/Third_Party/FreeRTOS/Source/include/queue.h	permanent: imported/upstream; provenance=vendored lib tree
file-lengths	lib/Middlewares/Third_Party/FreeRTOS/Source/include/semphr.h	permanent: imported/upstream; provenance=vendored lib tree
file-lengths	lib/Middlewares/Third_Party/FreeRTOS/Source/include/stream_buffer.h	permanent: imported/upstream; provenance=vendored lib tree
file-lengths	lib/Middlewares/Third_Party/FreeRTOS/Source/include/task.h	permanent: imported/upstream; provenance=vendored lib tree
file-lengths	lib/Middlewares/Third_Party/FreeRTOS/Source/include/timers.h	permanent: imported/upstream; provenance=vendored lib tree
file-lengths	lib/Middlewares/Third_Party/FreeRTOS/Source/portable/Common/mpu_wrappers_v2.c	permanent: imported/upstream; provenance=vendored lib tree
file-lengths	lib/Middlewares/Third_Party/FreeRTOS/Source/portable/GCC/ARM_CM0/port.c	permanent: imported/upstream; provenance=vendored lib tree
file-lengths	lib/Middlewares/Third_Party/FreeRTOS/Source/portable/GCC/ARM_CM33_NTZ/non_secure/mpu_wrappers_v2_asm.c	permanent: imported/upstream; provenance=vendored lib tree
file-lengths	lib/Middlewares/Third_Party/FreeRTOS/Source/portable/GCC/ARM_CM33_NTZ/non_secure/port.c	permanent: imported/upstream; provenance=vendored lib tree
file-lengths	lib/Middlewares/Third_Party/FreeRTOS/Source/portable/GCC/ARM_CM4F/port.c	permanent: imported/upstream; provenance=vendored lib tree
file-lengths	lib/Middlewares/Third_Party/FreeRTOS/Source/queue.c	permanent: imported/upstream; provenance=vendored lib tree
file-lengths	lib/Middlewares/Third_Party/FreeRTOS/Source/stream_buffer.c	permanent: imported/upstream; provenance=vendored lib tree
file-lengths	lib/Middlewares/Third_Party/FreeRTOS/Source/tasks.c	permanent: imported/upstream; provenance=vendored lib tree
file-lengths	lib/Middlewares/Third_Party/FreeRTOS/Source/timers.c	permanent: imported/upstream; provenance=vendored lib tree
file-lengths	lib/Middlewares/Third_Party/LwIP/src/api/api_lib.c	permanent: imported/upstream; provenance=vendored lib tree
file-lengths	lib/Middlewares/Third_Party/LwIP/src/api/api_msg.c	permanent: imported/upstream; provenance=vendored lib tree
file-lengths	lib/Middlewares/Third_Party/LwIP/src/api/sockets.c	permanent: imported/upstream; provenance=vendored lib tree
file-lengths	lib/Middlewares/Third_Party/LwIP/src/api/tcpip.c	permanent: imported/upstream; provenance=vendored lib tree
file-lengths	lib/Middlewares/Third_Party/LwIP/src/core/altcp.c	permanent: imported/upstream; provenance=vendored lib tree
file-lengths	lib/Middlewares/Third_Party/LwIP/src/core/dns.c	permanent: imported/upstream; provenance=vendored lib tree
file-lengths	lib/Middlewares/Third_Party/LwIP/src/core/ipv4/dhcp.c	permanent: imported/upstream; provenance=vendored lib tree
file-lengths	lib/Middlewares/Third_Party/LwIP/src/core/ipv4/etharp.c	permanent: imported/upstream; provenance=vendored lib tree
file-lengths	lib/Middlewares/Third_Party/LwIP/src/core/ipv4/igmp.c	permanent: imported/upstream; provenance=vendored lib tree
file-lengths	lib/Middlewares/Third_Party/LwIP/src/core/ipv4/ip4.c	permanent: imported/upstream; provenance=vendored lib tree
file-lengths	lib/Middlewares/Third_Party/LwIP/src/core/ipv4/ip4_frag.c	permanent: imported/upstream; provenance=vendored lib tree
file-lengths	lib/Middlewares/Third_Party/LwIP/src/core/ipv6/dhcp6.c	permanent: imported/upstream; provenance=vendored lib tree
file-lengths	lib/Middlewares/Third_Party/LwIP/src/core/ipv6/ip6.c	permanent: imported/upstream; provenance=vendored lib tree
file-lengths	lib/Middlewares/Third_Party/LwIP/src/core/ipv6/ip6_frag.c	permanent: imported/upstream; provenance=vendored lib tree
file-lengths	lib/Middlewares/Third_Party/LwIP/src/core/ipv6/nd6.c	permanent: imported/upstream; provenance=vendored lib tree
file-lengths	lib/Middlewares/Third_Party/LwIP/src/core/mem.c	permanent: imported/upstream; provenance=vendored lib tree
file-lengths	lib/Middlewares/Third_Party/LwIP/src/core/netif.c	permanent: imported/upstream; provenance=vendored lib tree
file-lengths	lib/Middlewares/Third_Party/LwIP/src/core/pbuf.c	permanent: imported/upstream; provenance=vendored lib tree
file-lengths	lib/Middlewares/Third_Party/LwIP/src/core/raw.c	permanent: imported/upstream; provenance=vendored lib tree
file-lengths	lib/Middlewares/Third_Party/LwIP/src/core/tcp.c	permanent: imported/upstream; provenance=vendored lib tree
file-lengths	lib/Middlewares/Third_Party/LwIP/src/core/tcp_in.c	permanent: imported/upstream; provenance=vendored lib tree
file-lengths	lib/Middlewares/Third_Party/LwIP/src/core/tcp_out.c	permanent: imported/upstream; provenance=vendored lib tree
file-lengths	lib/Middlewares/Third_Party/LwIP/src/core/udp.c	permanent: imported/upstream; provenance=vendored lib tree
file-lengths	lib/Middlewares/Third_Party/LwIP/src/include/lwip/netif.h	permanent: imported/upstream; provenance=vendored lib tree
file-lengths	lib/Middlewares/Third_Party/LwIP/src/include/lwip/opt.h	permanent: imported/upstream; provenance=vendored lib tree
file-lengths	lib/Middlewares/Third_Party/LwIP/src/include/lwip/sockets.h	permanent: imported/upstream; provenance=vendored lib tree
file-lengths	lib/Middlewares/Third_Party/LwIP/src/include/netif/ppp/ppp.h	permanent: imported/upstream; provenance=vendored lib tree
file-lengths	lib/Middlewares/Third_Party/LwIP/src/include/netif/ppp/ppp_impl.h	permanent: imported/upstream; provenance=vendored lib tree
file-lengths	lib/Middlewares/Third_Party/LwIP/src/netif/lowpan6.c	permanent: imported/upstream; provenance=vendored lib tree
file-lengths	lib/Middlewares/Third_Party/LwIP/src/netif/lowpan6_common.c	permanent: imported/upstream; provenance=vendored lib tree
file-lengths	lib/Middlewares/Third_Party/LwIP/src/netif/ppp/auth.c	permanent: imported/upstream; provenance=vendored lib tree
file-lengths	lib/Middlewares/Third_Party/LwIP/src/netif/ppp/ccp.c	permanent: imported/upstream; provenance=vendored lib tree
file-lengths	lib/Middlewares/Third_Party/LwIP/src/netif/ppp/chap-new.c	permanent: imported/upstream; provenance=vendored lib tree
file-lengths	lib/Middlewares/Third_Party/LwIP/src/netif/ppp/chap_ms.c	permanent: imported/upstream; provenance=vendored lib tree
file-lengths	lib/Middlewares/Third_Party/LwIP/src/netif/ppp/eap.c	permanent: imported/upstream; provenance=vendored lib tree
file-lengths	lib/Middlewares/Third_Party/LwIP/src/netif/ppp/fsm.c	permanent: imported/upstream; provenance=vendored lib tree
file-lengths	lib/Middlewares/Third_Party/LwIP/src/netif/ppp/ipcp.c	permanent: imported/upstream; provenance=vendored lib tree
file-lengths	lib/Middlewares/Third_Party/LwIP/src/netif/ppp/ipv6cp.c	permanent: imported/upstream; provenance=vendored lib tree
file-lengths	lib/Middlewares/Third_Party/LwIP/src/netif/ppp/lcp.c	permanent: imported/upstream; provenance=vendored lib tree
file-lengths	lib/Middlewares/Third_Party/LwIP/src/netif/ppp/ppp.c	permanent: imported/upstream; provenance=vendored lib tree
file-lengths	lib/Middlewares/Third_Party/LwIP/src/netif/ppp/pppoe.c	permanent: imported/upstream; provenance=vendored lib tree
file-lengths	lib/Middlewares/Third_Party/LwIP/src/netif/ppp/pppol2tp.c	permanent: imported/upstream; provenance=vendored lib tree
file-lengths	lib/Middlewares/Third_Party/LwIP/src/netif/ppp/pppos.c	permanent: imported/upstream; provenance=vendored lib tree
file-lengths	lib/Middlewares/Third_Party/LwIP/src/netif/ppp/upap.c	permanent: imported/upstream; provenance=vendored lib tree
file-lengths	lib/Middlewares/Third_Party/LwIP/src/netif/ppp/utils.c	permanent: imported/upstream; provenance=vendored lib tree
file-lengths	lib/Middlewares/Third_Party/LwIP/src/netif/ppp/vj.c	permanent: imported/upstream; provenance=vendored lib tree
file-lengths	lib/Middlewares/Third_Party/littlefs/bd/lfs_emubd.c	permanent: imported/upstream; provenance=vendored lib tree
file-lengths	lib/Middlewares/Third_Party/littlefs/lfs.c	permanent: imported/upstream; provenance=vendored lib tree
file-lengths	lib/Middlewares/Third_Party/littlefs/lfs.h	permanent: imported/upstream; provenance=vendored lib tree
file-lengths	lib/Middlewares/Third_Party/littlefs/runners/bench_runner.c	permanent: imported/upstream; provenance=vendored lib tree
file-lengths	lib/Middlewares/Third_Party/littlefs/runners/test_runner.c	permanent: imported/upstream; provenance=vendored lib tree
file-lengths	lib/Middlewares/Third_Party/littlefs/scripts/bench.py	permanent: imported/upstream; provenance=vendored lib tree
file-lengths	lib/Middlewares/Third_Party/littlefs/scripts/code.py	permanent: imported/upstream; provenance=vendored lib tree
file-lengths	lib/Middlewares/Third_Party/littlefs/scripts/cov.py	permanent: imported/upstream; provenance=vendored lib tree
file-lengths	lib/Middlewares/Third_Party/littlefs/scripts/data.py	permanent: imported/upstream; provenance=vendored lib tree
file-lengths	lib/Middlewares/Third_Party/littlefs/scripts/perf.py	permanent: imported/upstream; provenance=vendored lib tree
file-lengths	lib/Middlewares/Third_Party/littlefs/scripts/perfbd.py	permanent: imported/upstream; provenance=vendored lib tree
file-lengths	lib/Middlewares/Third_Party/littlefs/scripts/plot.py	permanent: imported/upstream; provenance=vendored lib tree
file-lengths	lib/Middlewares/Third_Party/littlefs/scripts/plotmpl.py	permanent: imported/upstream; provenance=vendored lib tree
file-lengths	lib/Middlewares/Third_Party/littlefs/scripts/stack.py	permanent: imported/upstream; provenance=vendored lib tree
file-lengths	lib/Middlewares/Third_Party/littlefs/scripts/structs.py	permanent: imported/upstream; provenance=vendored lib tree
file-lengths	lib/Middlewares/Third_Party/littlefs/scripts/summary.py	permanent: imported/upstream; provenance=vendored lib tree
file-lengths	lib/Middlewares/Third_Party/littlefs/scripts/test.py	permanent: imported/upstream; provenance=vendored lib tree
file-lengths	lib/Middlewares/Third_Party/littlefs/scripts/tracebd.py	permanent: imported/upstream; provenance=vendored lib tree
file-lengths	lib/Middlewares/Third_Party/mbedtls/3rdparty/everest/library/Hacl_Curve25519.c	permanent: imported/upstream; provenance=vendored lib tree
file-lengths	lib/Middlewares/Third_Party/mbedtls/3rdparty/everest/library/legacy/Hacl_Curve25519.c	permanent: imported/upstream; provenance=vendored lib tree
file-lengths	lib/Middlewares/Third_Party/mbedtls/include/mbedtls/aes.h	permanent: imported/upstream; provenance=vendored lib tree
file-lengths	lib/Middlewares/Third_Party/mbedtls/include/mbedtls/bignum.h	permanent: imported/upstream; provenance=vendored lib tree
file-lengths	lib/Middlewares/Third_Party/mbedtls/include/mbedtls/bn_mul.h	permanent: imported/upstream; provenance=vendored lib tree
file-lengths	lib/Middlewares/Third_Party/mbedtls/include/mbedtls/check_config.h	permanent: imported/upstream; provenance=vendored lib tree
file-lengths	lib/Middlewares/Third_Party/mbedtls/include/mbedtls/cipher.h	permanent: imported/upstream; provenance=vendored lib tree
file-lengths	lib/Middlewares/Third_Party/mbedtls/include/mbedtls/compat-1.3.h	permanent: imported/upstream; provenance=vendored lib tree
file-lengths	lib/Middlewares/Third_Party/mbedtls/include/mbedtls/config.h	permanent: imported/upstream; provenance=vendored lib tree
file-lengths	lib/Middlewares/Third_Party/mbedtls/include/mbedtls/config_psa.h	permanent: imported/upstream; provenance=vendored lib tree
file-lengths	lib/Middlewares/Third_Party/mbedtls/include/mbedtls/dhm.h	permanent: imported/upstream; provenance=vendored lib tree
file-lengths	lib/Middlewares/Third_Party/mbedtls/include/mbedtls/ecp.h	permanent: imported/upstream; provenance=vendored lib tree
file-lengths	lib/Middlewares/Third_Party/mbedtls/include/mbedtls/oid.h	permanent: imported/upstream; provenance=vendored lib tree
file-lengths	lib/Middlewares/Third_Party/mbedtls/include/mbedtls/pk.h	permanent: imported/upstream; provenance=vendored lib tree
file-lengths	lib/Middlewares/Third_Party/mbedtls/include/mbedtls/rsa.h	permanent: imported/upstream; provenance=vendored lib tree
file-lengths	lib/Middlewares/Third_Party/mbedtls/include/mbedtls/ssl.h	permanent: imported/upstream; provenance=vendored lib tree
file-lengths	lib/Middlewares/Third_Party/mbedtls/include/mbedtls/ssl_internal.h	permanent: imported/upstream; provenance=vendored lib tree
file-lengths	lib/Middlewares/Third_Party/mbedtls/include/mbedtls/x509_crt.h	permanent: imported/upstream; provenance=vendored lib tree
file-lengths	lib/Middlewares/Third_Party/mbedtls/include/psa/crypto.h	permanent: imported/upstream; provenance=vendored lib tree
file-lengths	lib/Middlewares/Third_Party/mbedtls/include/psa/crypto_extra.h	permanent: imported/upstream; provenance=vendored lib tree
file-lengths	lib/Middlewares/Third_Party/mbedtls/include/psa/crypto_se_driver.h	permanent: imported/upstream; provenance=vendored lib tree
file-lengths	lib/Middlewares/Third_Party/mbedtls/include/psa/crypto_sizes.h	permanent: imported/upstream; provenance=vendored lib tree
file-lengths	lib/Middlewares/Third_Party/mbedtls/include/psa/crypto_values.h	permanent: imported/upstream; provenance=vendored lib tree
file-lengths	lib/Middlewares/Third_Party/mbedtls/library/aes.c	permanent: imported/upstream; provenance=vendored lib tree
file-lengths	lib/Middlewares/Third_Party/mbedtls/library/aria.c	permanent: imported/upstream; provenance=vendored lib tree
file-lengths	lib/Middlewares/Third_Party/mbedtls/library/bignum.c	permanent: imported/upstream; provenance=vendored lib tree
file-lengths	lib/Middlewares/Third_Party/mbedtls/library/blowfish.c	permanent: imported/upstream; provenance=vendored lib tree
file-lengths	lib/Middlewares/Third_Party/mbedtls/library/camellia.c	permanent: imported/upstream; provenance=vendored lib tree
file-lengths	lib/Middlewares/Third_Party/mbedtls/library/certs.c	permanent: imported/upstream; provenance=vendored lib tree
file-lengths	lib/Middlewares/Third_Party/mbedtls/library/cipher.c	permanent: imported/upstream; provenance=vendored lib tree
file-lengths	lib/Middlewares/Third_Party/mbedtls/library/cipher_wrap.c	permanent: imported/upstream; provenance=vendored lib tree
file-lengths	lib/Middlewares/Third_Party/mbedtls/library/cmac.c	permanent: imported/upstream; provenance=vendored lib tree
file-lengths	lib/Middlewares/Third_Party/mbedtls/library/constant_time.c	permanent: imported/upstream; provenance=vendored lib tree
file-lengths	lib/Middlewares/Third_Party/mbedtls/library/ctr_drbg.c	permanent: imported/upstream; provenance=vendored lib tree
file-lengths	lib/Middlewares/Third_Party/mbedtls/library/des.c	permanent: imported/upstream; provenance=vendored lib tree
file-lengths	lib/Middlewares/Third_Party/mbedtls/library/dhm.c	permanent: imported/upstream; provenance=vendored lib tree
file-lengths	lib/Middlewares/Third_Party/mbedtls/library/ecdh.c	permanent: imported/upstream; provenance=vendored lib tree
file-lengths	lib/Middlewares/Third_Party/mbedtls/library/ecdsa.c	permanent: imported/upstream; provenance=vendored lib tree
file-lengths	lib/Middlewares/Third_Party/mbedtls/library/ecjpake.c	permanent: imported/upstream; provenance=vendored lib tree
file-lengths	lib/Middlewares/Third_Party/mbedtls/library/ecp.c	permanent: imported/upstream; provenance=vendored lib tree
file-lengths	lib/Middlewares/Third_Party/mbedtls/library/ecp_curves.c	permanent: imported/upstream; provenance=vendored lib tree
file-lengths	lib/Middlewares/Third_Party/mbedtls/library/entropy.c	permanent: imported/upstream; provenance=vendored lib tree
file-lengths	lib/Middlewares/Third_Party/mbedtls/library/error.c	permanent: imported/upstream; provenance=vendored lib tree
file-lengths	lib/Middlewares/Third_Party/mbedtls/library/gcm.c	permanent: imported/upstream; provenance=vendored lib tree
file-lengths	lib/Middlewares/Third_Party/mbedtls/library/hmac_drbg.c	permanent: imported/upstream; provenance=vendored lib tree
file-lengths	lib/Middlewares/Third_Party/mbedtls/library/md.c	permanent: imported/upstream; provenance=vendored lib tree
file-lengths	lib/Middlewares/Third_Party/mbedtls/library/memory_buffer_alloc.c	permanent: imported/upstream; provenance=vendored lib tree
file-lengths	lib/Middlewares/Third_Party/mbedtls/library/net_sockets.c	permanent: imported/upstream; provenance=vendored lib tree
file-lengths	lib/Middlewares/Third_Party/mbedtls/library/nist_kw.c	permanent: imported/upstream; provenance=vendored lib tree
file-lengths	lib/Middlewares/Third_Party/mbedtls/library/oid.c	permanent: imported/upstream; provenance=vendored lib tree
file-lengths	lib/Middlewares/Third_Party/mbedtls/library/pk.c	permanent: imported/upstream; provenance=vendored lib tree
file-lengths	lib/Middlewares/Third_Party/mbedtls/library/pk_wrap.c	permanent: imported/upstream; provenance=vendored lib tree
file-lengths	lib/Middlewares/Third_Party/mbedtls/library/pkparse.c	permanent: imported/upstream; provenance=vendored lib tree
file-lengths	lib/Middlewares/Third_Party/mbedtls/library/psa_crypto.c	permanent: imported/upstream; provenance=vendored lib tree
file-lengths	lib/Middlewares/Third_Party/mbedtls/library/psa_crypto_driver_wrappers.c	permanent: imported/upstream; provenance=vendored lib tree
file-lengths	lib/Middlewares/Third_Party/mbedtls/library/rsa.c	permanent: imported/upstream; provenance=vendored lib tree
file-lengths	lib/Middlewares/Third_Party/mbedtls/library/sha512.c	permanent: imported/upstream; provenance=vendored lib tree
file-lengths	lib/Middlewares/Third_Party/mbedtls/library/ssl_ciphersuites.c	permanent: imported/upstream; provenance=vendored lib tree
file-lengths	lib/Middlewares/Third_Party/mbedtls/library/ssl_cli.c	permanent: imported/upstream; provenance=vendored lib tree
file-lengths	lib/Middlewares/Third_Party/mbedtls/library/ssl_msg.c	permanent: imported/upstream; provenance=vendored lib tree
file-lengths	lib/Middlewares/Third_Party/mbedtls/library/ssl_srv.c	permanent: imported/upstream; provenance=vendored lib tree
file-lengths	lib/Middlewares/Third_Party/mbedtls/library/ssl_tls.c	permanent: imported/upstream; provenance=vendored lib tree
file-lengths	lib/Middlewares/Third_Party/mbedtls/library/version_features.c	permanent: imported/upstream; provenance=vendored lib tree
file-lengths	lib/Middlewares/Third_Party/mbedtls/library/x509.c	permanent: imported/upstream; provenance=vendored lib tree
file-lengths	lib/Middlewares/Third_Party/mbedtls/library/x509_crl.c	permanent: imported/upstream; provenance=vendored lib tree
file-lengths	lib/Middlewares/Third_Party/mbedtls/library/x509_crt.c	permanent: imported/upstream; provenance=vendored lib tree
file-lengths	lib/Middlewares/Third_Party/mbedtls/programs/aes/crypt_and_hash.c	permanent: imported/upstream; provenance=vendored lib tree
file-lengths	lib/Middlewares/Third_Party/mbedtls/programs/psa/key_ladder_demo.c	permanent: imported/upstream; provenance=vendored lib tree
file-lengths	lib/Middlewares/Third_Party/mbedtls/programs/ssl/ssl_client2.c	permanent: imported/upstream; provenance=vendored lib tree
file-lengths	lib/Middlewares/Third_Party/mbedtls/programs/ssl/ssl_context_info.c	permanent: imported/upstream; provenance=vendored lib tree
file-lengths	lib/Middlewares/Third_Party/mbedtls/programs/ssl/ssl_mail_client.c	permanent: imported/upstream; provenance=vendored lib tree
file-lengths	lib/Middlewares/Third_Party/mbedtls/programs/ssl/ssl_server2.c	permanent: imported/upstream; provenance=vendored lib tree
file-lengths	lib/Middlewares/Third_Party/mbedtls/programs/test/benchmark.c	permanent: imported/upstream; provenance=vendored lib tree
file-lengths	lib/Middlewares/Third_Party/mbedtls/programs/test/query_config.c	permanent: imported/upstream; provenance=vendored lib tree
file-lengths	lib/Middlewares/Third_Party/mbedtls/programs/test/udp_proxy.c	permanent: imported/upstream; provenance=vendored lib tree
file-lengths	lib/Middlewares/Third_Party/mbedtls/programs/x509/cert_write.c	permanent: imported/upstream; provenance=vendored lib tree
file-lengths	lib/Middlewares/Third_Party/mbedtls/tests/compat.sh	permanent: imported/upstream; provenance=vendored lib tree
file-lengths	lib/Middlewares/Third_Party/mbedtls/tests/scripts/all.sh	permanent: imported/upstream; provenance=vendored lib tree
file-lengths	lib/Middlewares/Third_Party/mbedtls/tests/scripts/check_names.py	permanent: imported/upstream; provenance=vendored lib tree
file-lengths	lib/Middlewares/Third_Party/mbedtls/tests/scripts/generate_psa_tests.py	permanent: imported/upstream; provenance=vendored lib tree
file-lengths	lib/Middlewares/Third_Party/mbedtls/tests/scripts/generate_test_code.py	permanent: imported/upstream; provenance=vendored lib tree
file-lengths	lib/Middlewares/Third_Party/mbedtls/tests/scripts/test_generate_test_code.py	permanent: imported/upstream; provenance=vendored lib tree
file-lengths	lib/Middlewares/Third_Party/mbedtls/tests/src/psa_exercise_key.c	permanent: imported/upstream; provenance=vendored lib tree
file-lengths	lib/Middlewares/Third_Party/mbedtls/tests/ssl-opt.sh	permanent: imported/upstream; provenance=vendored lib tree
file-lengths	lib/Prusa-Firmware-MMU/lib/Catch2/extras/catch_amalgamated.cpp	permanent: imported/upstream; provenance=vendored lib tree
file-lengths	lib/Prusa-Firmware-MMU/lib/Catch2/extras/catch_amalgamated.hpp	permanent: imported/upstream; provenance=vendored lib tree
file-lengths	lib/Prusa-Firmware-MMU/lib/Catch2/src/catch2/catch_tostring.hpp	permanent: imported/upstream; provenance=vendored lib tree
file-lengths	lib/Prusa-Firmware-MMU/lib/Catch2/src/catch2/internal/catch_clara.hpp	permanent: imported/upstream; provenance=vendored lib tree
file-lengths	lib/Prusa-Firmware-MMU/lib/Catch2/src/catch2/internal/catch_run_context.cpp	permanent: imported/upstream; provenance=vendored lib tree
file-lengths	lib/Prusa-Firmware-MMU/lib/Catch2/src/catch2/reporters/catch_reporter_console.cpp	permanent: imported/upstream; provenance=vendored lib tree
file-lengths	lib/Prusa-Firmware-MMU/lib/Catch2/tests/SelfTest/IntrospectiveTests/CmdLine.tests.cpp	permanent: imported/upstream; provenance=vendored lib tree
file-lengths	lib/Prusa-Firmware-MMU/lib/Catch2/tests/SelfTest/UsageTests/Matchers.tests.cpp	permanent: imported/upstream; provenance=vendored lib tree
file-lengths	lib/Prusa-Firmware-MMU/lib/Catch2/tests/SelfTest/UsageTests/MatchersRanges.tests.cpp	permanent: imported/upstream; provenance=vendored lib tree
file-lengths	lib/Prusa-Firmware-MMU/lib/lufa/Bootloaders/CDC/BootloaderCDC.c	permanent: imported/upstream; provenance=vendored lib tree
file-lengths	lib/Prusa-Firmware-MMU/lib/lufa/Bootloaders/DFU/BootloaderDFU.c	permanent: imported/upstream; provenance=vendored lib tree
file-lengths	lib/Prusa-Firmware-MMU/lib/lufa/Bootloaders/HID/HostLoaderApp/hid_bootloader_cli.c	permanent: imported/upstream; provenance=vendored lib tree
file-lengths	lib/Prusa-Firmware-MMU/lib/lufa/Demos/Device/ClassDriver/RNDISEthernet/Lib/TCP.c	permanent: imported/upstream; provenance=vendored lib tree
file-lengths	lib/Prusa-Firmware-MMU/lib/lufa/Demos/Device/LowLevel/CCID/CCID.c	permanent: imported/upstream; provenance=vendored lib tree
file-lengths	lib/Prusa-Firmware-MMU/lib/lufa/Demos/Device/LowLevel/RNDISEthernet/Lib/TCP.c	permanent: imported/upstream; provenance=vendored lib tree
file-lengths	lib/Prusa-Firmware-MMU/lib/lufa/Demos/Host/LowLevel/MassStorageHost/Lib/MassStoreCommands.c	permanent: imported/upstream; provenance=vendored lib tree
file-lengths	lib/Prusa-Firmware-MMU/lib/lufa/LUFA/Drivers/USB/Class/Common/AudioClassCommon.h	permanent: imported/upstream; provenance=vendored lib tree
file-lengths	lib/Prusa-Firmware-MMU/lib/lufa/LUFA/Drivers/USB/Class/Common/HIDClassCommon.h	permanent: imported/upstream; provenance=vendored lib tree
file-lengths	lib/Prusa-Firmware-MMU/lib/lufa/LUFA/Drivers/USB/Core/AVR8/EndpointStream_AVR8.h	permanent: imported/upstream; provenance=vendored lib tree
file-lengths	lib/Prusa-Firmware-MMU/lib/lufa/LUFA/Drivers/USB/Core/AVR8/Endpoint_AVR8.h	permanent: imported/upstream; provenance=vendored lib tree
file-lengths	lib/Prusa-Firmware-MMU/lib/lufa/LUFA/Drivers/USB/Core/AVR8/Pipe_AVR8.h	permanent: imported/upstream; provenance=vendored lib tree
file-lengths	lib/Prusa-Firmware-MMU/lib/lufa/LUFA/Drivers/USB/Core/StdDescriptors.h	permanent: imported/upstream; provenance=vendored lib tree
file-lengths	lib/Prusa-Firmware-MMU/lib/lufa/LUFA/Drivers/USB/Core/UC3/Endpoint_UC3.h	permanent: imported/upstream; provenance=vendored lib tree
file-lengths	lib/Prusa-Firmware-MMU/lib/lufa/LUFA/Drivers/USB/Core/UC3/Pipe_UC3.h	permanent: imported/upstream; provenance=vendored lib tree
file-lengths	lib/Prusa-Firmware-MMU/lib/lufa/LUFA/Drivers/USB/Core/XMEGA/EndpointStream_XMEGA.h	permanent: imported/upstream; provenance=vendored lib tree
file-lengths	lib/Prusa-Firmware-MMU/lib/lufa/LUFA/Drivers/USB/Core/XMEGA/Endpoint_XMEGA.h	permanent: imported/upstream; provenance=vendored lib tree
file-lengths	lib/Prusa-Firmware-MMU/lib/lufa/Projects/TempDataLogger/Lib/FATFs/ff.c	permanent: imported/upstream; provenance=vendored lib tree
file-lengths	lib/Prusa-Firmware-MMU/lib/lufa/Projects/Webserver/Lib/FATFs/ff.c	permanent: imported/upstream; provenance=vendored lib tree
file-lengths	lib/Prusa-Firmware-MMU/lib/lufa/Projects/Webserver/Lib/uip/uip.c	permanent: imported/upstream; provenance=vendored lib tree
file-lengths	lib/Prusa-Firmware-MMU/lib/lufa/Projects/Webserver/Lib/uip/uip.h	permanent: imported/upstream; provenance=vendored lib tree
file-lengths	lib/Prusa-Firmware-MMU/lib/lufa/Projects/Webserver/Lib/uip/uipopt.h	permanent: imported/upstream; provenance=vendored lib tree
file-lengths	lib/Prusa-Firmware-MMU/tests/unit/modules/protocol/test_protocol.cpp	permanent: imported/upstream; provenance=vendored lib tree
file-lengths	lib/Prusa-Firmware-MMU/utils/gcovr.py	permanent: imported/upstream; provenance=vendored lib tree
file-lengths	lib/QR/qrcodegen.c	permanent: imported/upstream; provenance=vendored lib tree
file-lengths	lib/SG14/inplace_vector.hpp	permanent: imported/upstream; provenance=vendored lib tree
file-lengths	lib/Segger/SEGGER_RTT.c	permanent: imported/upstream; provenance=vendored lib tree
file-lengths	lib/Segger/SEGGER_SYSVIEW.c	permanent: imported/upstream; provenance=vendored lib tree
file-lengths	lib/TMCStepper/src/TMCStepper.h	permanent: imported/upstream; provenance=vendored lib tree
file-lengths	lib/WUI/espif.cpp	temporary: campaign=parser-ui-protocol-wui; remove when file is below 629 lines and campaign gates pass
file-lengths	lib/WUI/mdns/mdns.c	permanent: imported/upstream; provenance=vendored lib tree
file-lengths	lib/WUI/mdns/mdns_out.c	permanent: imported/upstream; provenance=vendored lib tree
file-lengths	lib/WUI/nhttp/server.cpp	temporary: campaign=parser-ui-protocol-wui; remove when file is below 629 lines and campaign gates pass
file-lengths	lib/WUI/sntp/sntp.c	permanent: imported/upstream; provenance=vendored lib tree
file-lengths	lib/WUI/wui.cpp	temporary: campaign=parser-ui-protocol-wui; remove when file is below 629 lines and campaign gates pass
file-lengths	lib/esp32-nic/main/uart_nic.c	permanent: imported/upstream; provenance=vendored lib tree
file-lengths	lib/esp8266-nic/main/uart_nic.c	permanent: imported/upstream; provenance=vendored lib tree
file-lengths	lib/heatshrink/greatest.h	permanent: imported/upstream; provenance=vendored lib tree
file-lengths	lib/heatshrink/test_heatshrink_dynamic.c	permanent: imported/upstream; provenance=vendored lib tree
file-lengths	lib/heatshrink/test_heatshrink_dynamic_theft.c	permanent: imported/upstream; provenance=vendored lib tree
file-lengths	lib/libbgcode/src/LibBGCode/binarize/binarize.cpp	permanent: imported/upstream; provenance=vendored lib tree
file-lengths	lib/libbgcode/src/LibBGCode/convert/convert.cpp	permanent: imported/upstream; provenance=vendored lib tree
file-lengths	lib/liblightmodbus/test/test_main.cpp	permanent: imported/upstream; provenance=vendored lib tree
file-lengths	lib/liblightmodbus/test/tester.cpp	permanent: imported/upstream; provenance=vendored lib tree
file-lengths	lib/magic_enum/include/magic_enum/magic_enum.hpp	permanent: imported/upstream; provenance=vendored lib tree
file-lengths	lib/magic_enum/include/magic_enum/magic_enum_containers.hpp	permanent: imported/upstream; provenance=vendored lib tree
file-lengths	lib/magic_enum/test/3rdparty/Catch2/include/catch2/catch.hpp	permanent: imported/upstream; provenance=vendored lib tree
file-lengths	lib/magic_enum/test/test.cpp	permanent: imported/upstream; provenance=vendored lib tree
file-lengths	lib/magic_enum/test/test_flags.cpp	permanent: imported/upstream; provenance=vendored lib tree
file-lengths	lib/printf/printf.c	permanent: imported/upstream; provenance=vendored lib tree
file-lengths	lib/printf/test/catch.hpp	permanent: imported/upstream; provenance=vendored lib tree
file-lengths	lib/printf/test/test_suite.cpp	permanent: imported/upstream; provenance=vendored lib tree
file-lengths	lib/sfl-library/benchmark/nanobench.h	permanent: imported/upstream; provenance=vendored lib tree
file-lengths	lib/sfl-library/include/sfl/compact_vector.hpp	permanent: imported/upstream; provenance=vendored lib tree
file-lengths	lib/sfl-library/include/sfl/detail/rb_tree.hpp	permanent: imported/upstream; provenance=vendored lib tree
file-lengths	lib/sfl-library/include/sfl/detail/uninitialized_memory_algorithms.hpp	permanent: imported/upstream; provenance=vendored lib tree
file-lengths	lib/sfl-library/include/sfl/devector.hpp	permanent: imported/upstream; provenance=vendored lib tree
file-lengths	lib/sfl-library/include/sfl/map.hpp	permanent: imported/upstream; provenance=vendored lib tree
file-lengths	lib/sfl-library/include/sfl/multimap.hpp	permanent: imported/upstream; provenance=vendored lib tree
file-lengths	lib/sfl-library/include/sfl/multiset.hpp	permanent: imported/upstream; provenance=vendored lib tree
file-lengths	lib/sfl-library/include/sfl/segmented_devector.hpp	permanent: imported/upstream; provenance=vendored lib tree
file-lengths	lib/sfl-library/include/sfl/segmented_vector.hpp	permanent: imported/upstream; provenance=vendored lib tree
file-lengths	lib/sfl-library/include/sfl/set.hpp	permanent: imported/upstream; provenance=vendored lib tree
file-lengths	lib/sfl-library/include/sfl/small_flat_map.hpp	permanent: imported/upstream; provenance=vendored lib tree
file-lengths	lib/sfl-library/include/sfl/small_flat_multimap.hpp	permanent: imported/upstream; provenance=vendored lib tree
file-lengths	lib/sfl-library/include/sfl/small_flat_multiset.hpp	permanent: imported/upstream; provenance=vendored lib tree
file-lengths	lib/sfl-library/include/sfl/small_flat_set.hpp	permanent: imported/upstream; provenance=vendored lib tree
file-lengths	lib/sfl-library/include/sfl/small_map.hpp	permanent: imported/upstream; provenance=vendored lib tree
file-lengths	lib/sfl-library/include/sfl/small_multimap.hpp	permanent: imported/upstream; provenance=vendored lib tree
file-lengths	lib/sfl-library/include/sfl/small_multiset.hpp	permanent: imported/upstream; provenance=vendored lib tree
file-lengths	lib/sfl-library/include/sfl/small_set.hpp	permanent: imported/upstream; provenance=vendored lib tree
file-lengths	lib/sfl-library/include/sfl/small_unordered_flat_map.hpp	permanent: imported/upstream; provenance=vendored lib tree
file-lengths	lib/sfl-library/include/sfl/small_unordered_flat_multimap.hpp	permanent: imported/upstream; provenance=vendored lib tree
file-lengths	lib/sfl-library/include/sfl/small_unordered_flat_multiset.hpp	permanent: imported/upstream; provenance=vendored lib tree
file-lengths	lib/sfl-library/include/sfl/small_unordered_flat_set.hpp	permanent: imported/upstream; provenance=vendored lib tree
file-lengths	lib/sfl-library/include/sfl/small_vector.hpp	permanent: imported/upstream; provenance=vendored lib tree
file-lengths	lib/sfl-library/include/sfl/static_flat_map.hpp	permanent: imported/upstream; provenance=vendored lib tree
file-lengths	lib/sfl-library/include/sfl/static_flat_multimap.hpp	permanent: imported/upstream; provenance=vendored lib tree
file-lengths	lib/sfl-library/include/sfl/static_flat_multiset.hpp	permanent: imported/upstream; provenance=vendored lib tree
file-lengths	lib/sfl-library/include/sfl/static_flat_set.hpp	permanent: imported/upstream; provenance=vendored lib tree
file-lengths	lib/sfl-library/include/sfl/static_map.hpp	permanent: imported/upstream; provenance=vendored lib tree
file-lengths	lib/sfl-library/include/sfl/static_multimap.hpp	permanent: imported/upstream; provenance=vendored lib tree
file-lengths	lib/sfl-library/include/sfl/static_multiset.hpp	permanent: imported/upstream; provenance=vendored lib tree
file-lengths	lib/sfl-library/include/sfl/static_set.hpp	permanent: imported/upstream; provenance=vendored lib tree
file-lengths	lib/sfl-library/include/sfl/static_unordered_flat_map.hpp	permanent: imported/upstream; provenance=vendored lib tree
file-lengths	lib/sfl-library/include/sfl/static_unordered_flat_multimap.hpp	permanent: imported/upstream; provenance=vendored lib tree
file-lengths	lib/sfl-library/include/sfl/static_unordered_flat_multiset.hpp	permanent: imported/upstream; provenance=vendored lib tree
file-lengths	lib/sfl-library/include/sfl/static_unordered_flat_set.hpp	permanent: imported/upstream; provenance=vendored lib tree
file-lengths	lib/sfl-library/include/sfl/static_vector.hpp	permanent: imported/upstream; provenance=vendored lib tree
file-lengths	lib/sfl-library/include/sfl/vector.hpp	permanent: imported/upstream; provenance=vendored lib tree
file-lengths	lib/sfl-library/test/static_flat_map.cpp	permanent: imported/upstream; provenance=vendored lib tree
file-lengths	lib/sfl-library/test/static_flat_multimap.cpp	permanent: imported/upstream; provenance=vendored lib tree
file-lengths	lib/sfl-library/test/static_flat_multiset.cpp	permanent: imported/upstream; provenance=vendored lib tree
file-lengths	lib/sfl-library/test/static_flat_set.cpp	permanent: imported/upstream; provenance=vendored lib tree
file-lengths	lib/sfl-library/test/static_map.cpp	permanent: imported/upstream; provenance=vendored lib tree
file-lengths	lib/sfl-library/test/static_multimap.cpp	permanent: imported/upstream; provenance=vendored lib tree
file-lengths	lib/sfl-library/test/static_multiset.cpp	permanent: imported/upstream; provenance=vendored lib tree
file-lengths	lib/sfl-library/test/static_set.cpp	permanent: imported/upstream; provenance=vendored lib tree
file-lengths	lib/sfl-library/test/static_unordered_flat_map.cpp	permanent: imported/upstream; provenance=vendored lib tree
file-lengths	lib/sfl-library/test/static_unordered_flat_multimap.cpp	permanent: imported/upstream; provenance=vendored lib tree
file-lengths	lib/sfl-library/test/static_unordered_flat_multiset.cpp	permanent: imported/upstream; provenance=vendored lib tree
file-lengths	lib/sfl-library/test/static_unordered_flat_set.cpp	permanent: imported/upstream; provenance=vendored lib tree
file-lengths	lib/sfl-library/test/static_vector.cpp	permanent: imported/upstream; provenance=vendored lib tree
file-lengths	lib/tinyusb/examples/device/video_capture/src/images.h	permanent: imported/upstream; provenance=vendored lib tree
file-lengths	lib/tinyusb/examples/host/msc_file_explorer/src/msc_app.c	permanent: imported/upstream; provenance=vendored lib tree
file-lengths	lib/tinyusb/hw/bsp/ch32v307/system_ch32v30x.c	permanent: imported/upstream; provenance=vendored lib tree
file-lengths	lib/tinyusb/hw/bsp/fomu/include/csr.h	permanent: imported/upstream; provenance=vendored lib tree
file-lengths	lib/tinyusb/hw/bsp/gd32vf103/system_gd32vf103.c	permanent: imported/upstream; provenance=vendored lib tree
file-lengths	lib/tinyusb/hw/bsp/same70_qmtech/hpl_pmc_config.h	permanent: imported/upstream; provenance=vendored lib tree
file-lengths	lib/tinyusb/hw/bsp/same70_qmtech/hpl_xdmac_config.h	permanent: imported/upstream; provenance=vendored lib tree
file-lengths	lib/tinyusb/hw/bsp/same70_xplained/hpl_pmc_config.h	permanent: imported/upstream; provenance=vendored lib tree
file-lengths	lib/tinyusb/hw/bsp/same70_xplained/hpl_xdmac_config.h	permanent: imported/upstream; provenance=vendored lib tree
file-lengths	lib/tinyusb/hw/bsp/sltb009a/sltb009a.c	permanent: imported/upstream; provenance=vendored lib tree
file-lengths	lib/tinyusb/hw/mcu/dialog/da1469x/SDK_10.0.8.105/sdk/bsp/include/DA1469xAB.h	permanent: imported/upstream; provenance=vendored lib tree
file-lengths	lib/tinyusb/hw/mcu/dialog/da1469x/SDK_10.0.8.105/sdk/bsp/include/cmsis_gcc.h	permanent: imported/upstream; provenance=vendored lib tree
file-lengths	lib/tinyusb/hw/mcu/dialog/da1469x/SDK_10.0.8.105/sdk/bsp/include/core_cm0.h	permanent: imported/upstream; provenance=vendored lib tree
file-lengths	lib/tinyusb/hw/mcu/dialog/da1469x/SDK_10.0.8.105/sdk/bsp/include/core_cm33.h	permanent: imported/upstream; provenance=vendored lib tree
file-lengths	lib/tinyusb/hw/mcu/nordic/nrf5x/s140_nrf52_6.1.1_API/include/ble.h	permanent: imported/upstream; provenance=vendored lib tree
file-lengths	lib/tinyusb/hw/mcu/nordic/nrf5x/s140_nrf52_6.1.1_API/include/ble_gap.h	permanent: imported/upstream; provenance=vendored lib tree
file-lengths	lib/tinyusb/hw/mcu/nordic/nrf5x/s140_nrf52_6.1.1_API/include/ble_gattc.h	permanent: imported/upstream; provenance=vendored lib tree
file-lengths	lib/tinyusb/hw/mcu/nordic/nrf5x/s140_nrf52_6.1.1_API/include/ble_gatts.h	permanent: imported/upstream; provenance=vendored lib tree
file-lengths	lib/tinyusb/hw/mcu/nordic/nrf5x/s140_nrf52_6.1.1_API/include/nrf_soc.h	permanent: imported/upstream; provenance=vendored lib tree
file-lengths	lib/tinyusb/lib/SEGGER_RTT/RTT/SEGGER_RTT.c	permanent: imported/upstream; provenance=vendored lib tree
file-lengths	lib/tinyusb/lib/embedded-cli/embedded_cli.h	permanent: imported/upstream; provenance=vendored lib tree
file-lengths	lib/tinyusb/lib/fatfs/source/ff.c	permanent: imported/upstream; provenance=vendored lib tree
file-lengths	lib/tinyusb/lib/fatfs/source/ffunicode.c	permanent: imported/upstream; provenance=vendored lib tree
file-lengths	lib/tinyusb/src/class/audio/audio.h	permanent: imported/upstream; provenance=vendored lib tree
file-lengths	lib/tinyusb/src/class/audio/audio_device.c	permanent: imported/upstream; provenance=vendored lib tree
file-lengths	lib/tinyusb/src/class/audio/audio_device.h	permanent: imported/upstream; provenance=vendored lib tree
file-lengths	lib/tinyusb/src/class/cdc/cdc_host.c	permanent: imported/upstream; provenance=vendored lib tree
file-lengths	lib/tinyusb/src/class/hid/hid.h	permanent: imported/upstream; provenance=vendored lib tree
file-lengths	lib/tinyusb/src/class/hid/hid_host.c	permanent: imported/upstream; provenance=vendored lib tree
file-lengths	lib/tinyusb/src/class/msc/msc_device.c	permanent: imported/upstream; provenance=vendored lib tree
file-lengths	lib/tinyusb/src/class/usbtmc/usbtmc_device.c	permanent: imported/upstream; provenance=vendored lib tree
file-lengths	lib/tinyusb/src/class/video/video_device.c	permanent: imported/upstream; provenance=vendored lib tree
file-lengths	lib/tinyusb/src/common/tusb_fifo.c	permanent: imported/upstream; provenance=vendored lib tree
file-lengths	lib/tinyusb/src/device/usbd.c	permanent: imported/upstream; provenance=vendored lib tree
file-lengths	lib/tinyusb/src/device/usbd.h	permanent: imported/upstream; provenance=vendored lib tree
file-lengths	lib/tinyusb/src/host/usbh.c	permanent: imported/upstream; provenance=vendored lib tree
file-lengths	lib/tinyusb/src/portable/analog/max3421/hcd_max3421.c	permanent: imported/upstream; provenance=vendored lib tree
file-lengths	lib/tinyusb/src/portable/bridgetek/ft9xx/dcd_ft9xx.c	permanent: imported/upstream; provenance=vendored lib tree
file-lengths	lib/tinyusb/src/portable/chipidea/ci_hs/dcd_ci_hs.c	permanent: imported/upstream; provenance=vendored lib tree
file-lengths	lib/tinyusb/src/portable/dialog/da146xx/dcd_da146xx.c	permanent: imported/upstream; provenance=vendored lib tree
file-lengths	lib/tinyusb/src/portable/ehci/ehci.c	permanent: imported/upstream; provenance=vendored lib tree
file-lengths	lib/tinyusb/src/portable/espressif/esp32sx/dcd_esp32sx.c	permanent: imported/upstream; provenance=vendored lib tree
file-lengths	lib/tinyusb/src/portable/mentor/musb/dcd_musb.c	permanent: imported/upstream; provenance=vendored lib tree
file-lengths	lib/tinyusb/src/portable/mentor/musb/hcd_musb.c	permanent: imported/upstream; provenance=vendored lib tree
file-lengths	lib/tinyusb/src/portable/mentor/musb/musb_type.h	permanent: imported/upstream; provenance=vendored lib tree
file-lengths	lib/tinyusb/src/portable/microchip/pic/dcd_pic.c	permanent: imported/upstream; provenance=vendored lib tree
file-lengths	lib/tinyusb/src/portable/microchip/pic32mz/dcd_pic32mz.c	permanent: imported/upstream; provenance=vendored lib tree
file-lengths	lib/tinyusb/src/portable/microchip/pic32mz/usbhs_registers.h	permanent: imported/upstream; provenance=vendored lib tree
file-lengths	lib/tinyusb/src/portable/microchip/samx7x/common_usb_regs.h	permanent: imported/upstream; provenance=vendored lib tree
file-lengths	lib/tinyusb/src/portable/microchip/samx7x/dcd_samx7x.c	permanent: imported/upstream; provenance=vendored lib tree
file-lengths	lib/tinyusb/src/portable/nordic/nrf5x/dcd_nrf5x.c	permanent: imported/upstream; provenance=vendored lib tree
file-lengths	lib/tinyusb/src/portable/nuvoton/nuc505/dcd_nuc505.c	permanent: imported/upstream; provenance=vendored lib tree
file-lengths	lib/tinyusb/src/portable/nxp/khci/hcd_khci.c	permanent: imported/upstream; provenance=vendored lib tree
file-lengths	lib/tinyusb/src/portable/ohci/ohci.c	permanent: imported/upstream; provenance=vendored lib tree
file-lengths	lib/tinyusb/src/portable/raspberrypi/rp2040/hcd_rp2040.c	permanent: imported/upstream; provenance=vendored lib tree
file-lengths	lib/tinyusb/src/portable/renesas/rusb2/dcd_rusb2.c	permanent: imported/upstream; provenance=vendored lib tree
file-lengths	lib/tinyusb/src/portable/renesas/rusb2/hcd_rusb2.c	permanent: imported/upstream; provenance=vendored lib tree
file-lengths	lib/tinyusb/src/portable/renesas/rusb2/rusb2_type.h	permanent: imported/upstream; provenance=vendored lib tree
file-lengths	lib/tinyusb/src/portable/st/stm32_fsdev/dcd_stm32_fsdev.c	permanent: imported/upstream; provenance=vendored lib tree
file-lengths	lib/tinyusb/src/portable/st/synopsys/dcd_synopsys.c	permanent: imported/upstream; provenance=vendored lib tree
file-lengths	lib/tinyusb/src/portable/st/synopsys/synopsys_common.h	permanent: imported/upstream; provenance=vendored lib tree
file-lengths	lib/tinyusb/src/portable/sunxi/dcd_sunxi_musb.c	permanent: imported/upstream; provenance=vendored lib tree
file-lengths	lib/tinyusb/src/portable/sunxi/musb_def.h	permanent: imported/upstream; provenance=vendored lib tree
file-lengths	lib/tinyusb/src/portable/synopsys/dwc2/dcd_dwc2.c	permanent: imported/upstream; provenance=vendored lib tree
file-lengths	lib/tinyusb/src/portable/synopsys/dwc2/dwc2_type.h	permanent: imported/upstream; provenance=vendored lib tree
file-lengths	lib/tinyusb/src/portable/ti/msp430x5xx/dcd_msp430x5xx.c	permanent: imported/upstream; provenance=vendored lib tree
file-lengths	lib/tinyusb/src/portable/valentyusb/eptri/dcd_eptri.c	permanent: imported/upstream; provenance=vendored lib tree
file-lengths	src/buddy/filesystem_fatfs.cpp	temporary: campaign=network-media; remove when file is below 629 lines and campaign gates pass
file-lengths	src/buddy/main.cpp	temporary: campaign=print-safety; remove when file is below 629 lines and campaign gates pass
file-lengths	src/common/gcode/gcode_info.cpp	temporary: campaign=parser-ui-protocol-wui; remove when file is below 629 lines and campaign gates pass
file-lengths	src/common/gcode/gcode_reader_binary.cpp	temporary: campaign=parser-ui-protocol-wui; remove when file is below 629 lines and campaign gates pass
file-lengths	src/common/hwio_pindef.h	permanent: declarative registry; deletion-test=removing any board pin entry breaks the single compile-time hardware mapping authority
file-lengths	src/common/marlin_print_preview.cpp	temporary: campaign=print-safety; remove when file is below 629 lines and campaign gates pass
file-lengths	src/common/marlin_server.cpp	temporary: campaign=print-safety; remove when file is below 629 lines and campaign gates pass
file-lengths	src/common/marlin_server_types/client_response.hpp	permanent: declarative registry; deletion-test=removing any response variant breaks the single protocol response registry
file-lengths	src/common/media_prefetch/media_prefetch.cpp	temporary: campaign=network-media; remove when file is below 629 lines and campaign gates pass
file-lengths	src/common/power_panic.cpp	temporary: campaign=print-safety; remove when file is below 629 lines and campaign gates pass
file-lengths	src/common/probe_analysis.cpp	temporary: campaign=parser-ui-protocol-wui; remove when file is below 629 lines and campaign gates pass
file-lengths	src/connect/connect.cpp	temporary: campaign=network-media; remove when file is below 629 lines and campaign gates pass
file-lengths	src/connect/marlin_printer.cpp	temporary: campaign=network-media; remove when file is below 629 lines and campaign gates pass
file-lengths	src/connect/planner.cpp	temporary: campaign=network-media; remove when file is below 629 lines and campaign gates pass
file-lengths	src/connect/render.cpp	temporary: campaign=parser-ui-protocol-wui; remove when file is below 629 lines and campaign gates pass
file-lengths	src/device/stm32f4/cmsis.cpp	permanent: imported/upstream; provenance=ST CMSIS integration source
file-lengths	src/device/stm32f4/cmsis_boot.cpp	permanent: imported/upstream; provenance=ST CMSIS integration source
file-lengths	src/device/stm32f4/hal_msp.cpp	temporary: campaign=hardware-auxiliary; remove when file is below 629 lines and campaign gates pass
file-lengths	src/device/stm32f4/peripherals.cpp	temporary: campaign=hardware-auxiliary; remove when file is below 629 lines and campaign gates pass
file-lengths	src/gui/MItem_tools.cpp	temporary: campaign=parser-ui-protocol-wui; remove when file is below 629 lines and campaign gates pass
file-lengths	src/gui/MItem_tools.hpp	temporary: campaign=parser-ui-protocol-wui; remove when file is below 629 lines and campaign gates pass
file-lengths	src/gui/res/cc/font_bold_11x19_full.hpp	permanent: generated; source=utils/translations_and_fonts
file-lengths	src/gui/res/cc/font_bold_13x22_full.hpp	permanent: generated; source=utils/translations_and_fonts
file-lengths	src/gui/res/cc/font_bold_30x53_digits.hpp	permanent: generated; source=utils/translations_and_fonts
file-lengths	src/gui/res/cc/font_regular_11x18_full.hpp	permanent: generated; source=utils/translations_and_fonts
file-lengths	src/gui/res/cc/font_regular_11x18_latin.hpp	permanent: generated; source=utils/translations_and_fonts
file-lengths	src/gui/res/cc/font_regular_11x18_latin_and_cyrillic.hpp	permanent: generated; source=utils/translations_and_fonts
file-lengths	src/gui/res/cc/font_regular_11x18_latin_and_katakana.hpp	permanent: generated; source=utils/translations_and_fonts
file-lengths	src/gui/res/cc/font_regular_11x18_standard.hpp	permanent: generated; source=utils/translations_and_fonts
file-lengths	src/gui/res/cc/font_regular_7x13_full.hpp	permanent: generated; source=utils/translations_and_fonts
file-lengths	src/gui/res/cc/font_regular_7x13_latin.hpp	permanent: generated; source=utils/translations_and_fonts
file-lengths	src/gui/res/cc/font_regular_7x13_latin_and_cyrillic.hpp	permanent: generated; source=utils/translations_and_fonts
file-lengths	src/gui/res/cc/font_regular_7x13_latin_and_katakana.hpp	permanent: generated; source=utils/translations_and_fonts
file-lengths	src/gui/res/cc/font_regular_7x13_standard.hpp	permanent: generated; source=utils/translations_and_fonts
file-lengths	src/gui/res/cc/font_regular_9x16_full.hpp	permanent: generated; source=utils/translations_and_fonts
file-lengths	src/gui/res/cc/font_regular_9x16_latin.hpp	permanent: generated; source=utils/translations_and_fonts
file-lengths	src/gui/res/cc/font_regular_9x16_latin_and_cyrillic.hpp	permanent: generated; source=utils/translations_and_fonts
file-lengths	src/gui/res/cc/font_regular_9x16_latin_and_katakana.hpp	permanent: generated; source=utils/translations_and_fonts
file-lengths	src/gui/res/cc/font_regular_9x16_standard.hpp	permanent: generated; source=utils/translations_and_fonts
file-lengths	src/gui/screen_printing.cpp	temporary: campaign=parser-ui-protocol-wui; remove when file is below 629 lines and campaign gates pass
file-lengths	src/gui/screen_tools_mapping.cpp	temporary: campaign=parser-ui-protocol-wui; remove when file is below 629 lines and campaign gates pass
file-lengths	src/guiapi/include/Rect16.h	temporary: campaign=parser-ui-protocol-wui; remove when file is below 629 lines and campaign gates pass
file-lengths	src/guiapi/src/ili9488.cpp	temporary: campaign=hardware-auxiliary; remove when file is below 629 lines and campaign gates pass
file-lengths	src/guiapi/src/st7789v.cpp	temporary: campaign=hardware-auxiliary; remove when file is below 629 lines and campaign gates pass
file-lengths	src/marlin_stubs/G425.cpp	temporary: campaign=print-safety; remove when file is below 629 lines and campaign gates pass
file-lengths	src/marlin_stubs/pause/pause.cpp	temporary: campaign=print-safety; remove when file is below 629 lines and campaign gates pass
file-lengths	src/persistent_stores/journal/backend.cpp	temporary: campaign=persistent-storage; remove when file is below 629 lines and campaign gates pass
file-lengths	src/persistent_stores/store_instances/config_store/store_definition.cpp	temporary: campaign=persistent-storage; remove when file is below 629 lines and campaign gates pass
file-lengths	src/persistent_stores/store_instances/config_store/store_definition.hpp	permanent: declarative registry; deletion-test=removing any item breaks the single persisted-layout definition authority
file-lengths	src/puppies/Dwarf.cpp	temporary: campaign=hardware-auxiliary; remove when file is below 629 lines and campaign gates pass
file-lengths	src/puppy/shared/modbus/ModbusProtocol.cpp	temporary: campaign=hardware-auxiliary; remove when file is below 629 lines and campaign gates pass
file-lengths	src/puppy/xbuddy_extension/hal.cpp	temporary: campaign=hardware-auxiliary; remove when file is below 629 lines and campaign gates pass
file-lengths	src/state/printer_state.cpp	temporary: campaign=parser-ui-protocol-wui; remove when file is below 629 lines and campaign gates pass
file-lengths	src/transfers/transfer.cpp	temporary: campaign=network-media; remove when file is below 629 lines and campaign gates pass
file-lengths	tests/stubs/FreeRTOS/Source/event_groups.c	permanent: imported/upstream; provenance=FreeRTOS and compatibility test stubs
file-lengths	tests/stubs/FreeRTOS/Source/include/FreeRTOS.h	permanent: imported/upstream; provenance=FreeRTOS and compatibility test stubs
file-lengths	tests/stubs/FreeRTOS/Source/include/croutine.h	permanent: imported/upstream; provenance=FreeRTOS and compatibility test stubs
file-lengths	tests/stubs/FreeRTOS/Source/include/event_groups.h	permanent: imported/upstream; provenance=FreeRTOS and compatibility test stubs
file-lengths	tests/stubs/FreeRTOS/Source/include/message_buffer.h	permanent: imported/upstream; provenance=FreeRTOS and compatibility test stubs
file-lengths	tests/stubs/FreeRTOS/Source/include/queue.h	permanent: imported/upstream; provenance=FreeRTOS and compatibility test stubs
file-lengths	tests/stubs/FreeRTOS/Source/include/semphr.h	permanent: imported/upstream; provenance=FreeRTOS and compatibility test stubs
file-lengths	tests/stubs/FreeRTOS/Source/include/stream_buffer.h	permanent: imported/upstream; provenance=FreeRTOS and compatibility test stubs
file-lengths	tests/stubs/FreeRTOS/Source/include/task.h	permanent: imported/upstream; provenance=FreeRTOS and compatibility test stubs
file-lengths	tests/stubs/FreeRTOS/Source/include/timers.h	permanent: imported/upstream; provenance=FreeRTOS and compatibility test stubs
file-lengths	tests/stubs/FreeRTOS/Source/queue.c	permanent: imported/upstream; provenance=FreeRTOS and compatibility test stubs
file-lengths	tests/stubs/FreeRTOS/Source/stream_buffer.c	permanent: imported/upstream; provenance=FreeRTOS and compatibility test stubs
file-lengths	tests/stubs/FreeRTOS/Source/tasks.c	permanent: imported/upstream; provenance=FreeRTOS and compatibility test stubs
file-lengths	tests/stubs/FreeRTOS/Source/timers.c	permanent: imported/upstream; provenance=FreeRTOS and compatibility test stubs
file-lengths	tests/stubs/inc/macros.h	permanent: imported/upstream; provenance=FreeRTOS and compatibility test stubs
file-lengths	tests/unit/common/gcode/reader/gcode_reader.cpp	temporary: campaign=firmware-tests; remove when file is below 629 lines and campaign gates pass
file-lengths	tests/unit/gui/rectangle_tests.cpp	temporary: campaign=firmware-tests; remove when file is below 629 lines and campaign gates pass
file-lengths	tests/unit/gui/window/tests_layout.cpp	temporary: campaign=firmware-tests; remove when file is below 629 lines and campaign gates pass
file-lengths	tests/unit/lib/Marlin/MMU2/mmu2_protocol_logic_test.cpp	temporary: campaign=firmware-tests; remove when file is below 629 lines and campaign gates pass
file-lengths	tests/unit/lib/WUI/nhttp/server_tests.cpp	temporary: campaign=firmware-tests; remove when file is below 629 lines and campaign gates pass
file-lengths	tests/unit/media_prefetch/media_prefetch_tests.cpp	temporary: campaign=firmware-tests; remove when file is below 629 lines and campaign gates pass
file-lengths	tests/unit/persistent_stores/EEPROM_journal_test.cpp	temporary: campaign=firmware-tests; remove when file is below 629 lines and campaign gates pass
file-lengths	tools/bazel/phase26_release_signing_upstream_evidence.py	temporary: campaign=phase18-28-python; remove when file is below 629 lines and campaign gates pass
file-lengths	tools/bazel/phase26_release_signing_upstream_evidence_test.py	temporary: campaign=phase18-28-python; remove when file is below 629 lines and campaign gates pass
file-lengths	tools/bazel/phase27_retained_code_acceptance_decisions.py	temporary: campaign=phase18-28-python; remove when file is below 629 lines and campaign gates pass
file-lengths	tools/bazel/phase27_retained_code_acceptance_decisions_test.py	temporary: campaign=phase18-28-python; remove when file is below 629 lines and campaign gates pass
file-lengths	tools/bazel/phase28_final_readiness_packet.py	temporary: campaign=phase18-28-python; remove when file is below 629 lines and campaign gates pass
file-lengths	tools/bazel/phase28_final_readiness_packet_test.py	temporary: campaign=phase18-28-python; remove when file is below 629 lines and campaign gates pass
file-lengths	tools/bazel/phase31_final_evidence_intake.py	temporary: campaign=phase31-38-python; remove when file is below 629 lines and campaign gates pass
file-lengths	tools/bazel/phase31_final_evidence_intake_test.py	temporary: campaign=phase31-38-python; remove when file is below 629 lines and campaign gates pass
file-lengths	tools/bazel/phase32_blocker_register_triage.py	temporary: campaign=phase31-38-python; remove when file is below 629 lines and campaign gates pass
file-lengths	tools/bazel/phase32_blocker_register_triage_test.py	temporary: campaign=phase31-38-python; remove when file is below 629 lines and campaign gates pass
file-lengths	tools/bazel/phase33_maintainer_decision_inputs.py	temporary: campaign=phase31-38-python; remove when file is below 629 lines and campaign gates pass
file-lengths	tools/bazel/phase33_maintainer_decision_inputs_test.py	temporary: campaign=phase31-38-python; remove when file is below 629 lines and campaign gates pass
file-lengths	tools/bazel/phase34_final_readiness_demotion_dry_run.py	temporary: campaign=phase31-38-python; remove when file is below 629 lines and campaign gates pass
file-lengths	tools/bazel/phase34_final_readiness_demotion_dry_run_test.py	temporary: campaign=phase31-38-python; remove when file is below 629 lines and campaign gates pass
file-lengths	tools/bazel/phase35_cutover_decision_artifact.py	temporary: campaign=phase31-38-python; remove when file is below 629 lines and campaign gates pass
file-lengths	tools/bazel/phase35_cutover_decision_artifact_test.py	temporary: campaign=phase31-38-python; remove when file is below 629 lines and campaign gates pass
file-lengths	tools/bazel/phase38_cutover_workflow.py	temporary: campaign=phase31-38-python; remove when file is below 629 lines and campaign gates pass
file-lengths	tools/bazel/phase38_cutover_workflow_test.py	temporary: campaign=phase31-38-python; remove when file is below 629 lines and campaign gates pass
